created_at,entry_id,TimePeriod,Inst g,Avg g,Lengths,latitude,longitude,elevation,status
2024-05-06T14:10:46+00:00,1,174.80200,0.00129,0.00129,1.00000,,,,
2024-05-06T14:11:47+00:00,2,61.66700,0.01038,0.00584,1.00000,,,,
2024-05-06T14:13:25+00:00,3,84.17200,0.00557,0.02011,1.00000,,,,
2024-05-06T15:50:44+00:00,4,48.77200,0.43151,0.43151,26.00000,,,,
2024-05-06T15:51:10+00:00,5,12.89500,6.17292,3.30221,26.00000,,,,
2024-05-06T15:51:41+00:00,6,26.04900,1.51269,1.60497,26.00000,,,,
2024-05-06T15:51:57+00:00,7,1.33200,578.52838,1.60497,26.00000,,,,
2024-05-06T15:57:03+00:00,8,45.15600,0.61955,0.61955,32.00000,,,,
2024-05-06T15:57:19+00:00,9,1.62400,479.00244,21.86754,32.00000,,,,
2024-05-06T16:07:31+00:00,10,133.06300,0.05574,0.05574,25.00000,,,,
2024-05-06T16:14:57+00:00,11,414.84299,0.00206,0.00206,9.00000,,,,
2024-05-06T16:15:18+00:00,12,11.52100,2.67684,1.47939,9.00000,,,,
2024-05-06T16:23:13+00:00,13,81.10200,0.16205,0.16205,27.00000,,,,
2024-05-06T16:27:55+00:00,14,49.87800,0.47606,0.47606,30.00000,,,,
2024-05-06T16:28:13+00:00,15,14.91500,5.32396,2.90001,30.00000,,,,
2024-05-06T16:29:38+00:00,16,30.01200,1.22724,1.22724,28.00000,,,,
2024-05-06T16:29:55+00:00,17,8.75800,14.41146,7.81935,28.00000,,,,
2024-05-06T16:30:10+00:00,18,5.74500,33.49174,11.61867,28.00000,,,,
2024-05-06T16:30:28+00:00,19,11.56300,8.26755,3.97724,28.00000,,,,
2024-05-06T16:30:53+00:00,20,14.21100,5.47354,1.57513,28.00000,,,,
2024-05-06T16:31:09+00:00,21,1.99600,277.45764,1.22891,28.00000,,,,
2024-05-06T16:32:49+00:00,22,89.19400,0.13895,0.17098,28.00000,,,,
2024-05-06T16:33:09+00:00,23,6.22800,28.49841,3.10631,28.00000,,,,
2024-05-06T16:33:37+00:00,24,15.49000,4.60697,0.49608,28.00000,,,,
2024-05-06T16:33:54+00:00,25,3.07200,117.13194,0.76313,28.00000,,,,
2024-05-06T16:34:23+00:00,26,28.58700,1.35264,0.15113,28.00000,,,,
2024-05-06T16:34:38+00:00,27,1.39100,571.29907,0.15113,28.00000,,,,
2024-05-06T16:34:53+00:00,28,1.40500,559.97052,0.15113,28.00000,,,,
2024-05-06T16:35:09+00:00,29,1.68400,389.79263,0.15113,28.00000,,,,
2024-05-06T16:35:29+00:00,30,7.36400,20.38404,1.36901,28.00000,,,,
2024-05-06T16:35:50+00:00,31,8.25300,16.22909,1.09988,28.00000,,,,
2024-05-06T16:36:17+00:00,32,13.37900,6.17548,0.36744,28.00000,,,,
2024-05-06T16:36:32+00:00,33,1.48800,499.24295,0.36744,28.00000,,,,
2024-05-06T16:36:49+00:00,34,1.78000,112.14045,1.98550,9.00000,,,,
2024-05-06T16:40:17+00:00,35,196.17101,0.00923,0.09974,9.00000,,,,
2024-05-06T16:40:32+00:00,36,1.60900,137.24301,1.45129,9.00000,,,,
2024-05-06T16:40:49+00:00,37,1.91800,96.58398,0.26386,9.00000,,,,
2024-05-06T16:41:08+00:00,38,16.97200,1.23349,0.06510,9.00000,,,,
2024-05-06T17:07:07+00:00,39,15.89200,3.12631,3.12631,20.00000,,,,
2024-05-06T17:07:22+00:00,40,1.40900,397.71115,4.68355,20.00000,,,,
2024-05-06T17:07:48+00:00,41,12.27200,5.24275,4.24462,20.00000,,,,
2024-05-06T17:08:22+00:00,42,29.81600,0.39967,0.92886,9.00000,,,,
2024-05-06T17:08:38+00:00,43,1.81600,107.73842,4.63158,9.00000,,,,
2024-05-06T17:09:05+00:00,44,13.17900,2.04568,0.95389,9.00000,,,,
2024-05-06T17:09:22+00:00,45,16.43600,1.31526,0.28364,9.00000,,,,
2024-05-06T17:09:42+00:00,46,15.10600,1.55705,0.20452,9.00000,,,,
2024-05-06T17:10:15+00:00,47,31.22500,0.36442,0.05689,9.00000,,,,
2024-05-06T17:10:30+00:00,48,3.89500,23.42002,1.94185,9.00000,,,,
2024-05-06T17:11:02+00:00,49,17.73800,1.12926,0.10109,9.00000,,,,
2024-05-06T17:11:35+00:00,50,20.15800,0.87439,0.06724,9.00000,,,,
2024-05-06T17:12:07+00:00,51,17.89500,1.10953,0.05751,9.00000,,,,
2024-05-06T17:12:42+00:00,52,33.54000,0.31585,0.01697,9.00000,,,,
2024-05-06T17:12:57+00:00,53,13.18700,2.04320,0.08957,9.00000,,,,
2024-05-06T17:13:12+00:00,54,1.79800,109.90639,0.27972,9.00000,,,,
2024-05-06T17:13:37+00:00,55,10.76700,3.06488,0.13371,9.00000,,,,
2024-05-06T17:14:02+00:00,56,17.17800,1.20408,0.09075,9.00000,,,,
2024-05-06T17:14:18+00:00,57,1.84800,104.03952,0.74399,9.00000,,,,
2024-05-06T17:14:34+00:00,58,2.31400,66.35530,0.74399,9.00000,,,,
2024-05-06T17:14:50+00:00,59,1.83000,106.09626,0.09285,9.00000,,,,
2024-05-06T17:15:07+00:00,60,3.68500,26.16540,0.78908,9.00000,,,,
2024-05-06T17:15:25+00:00,61,8.04500,5.48972,0.17001,9.00000,,,,
2024-05-06T17:15:41+00:00,62,1.35000,194.95515,1.21643,9.00000,,,,
2024-05-06T17:16:12+00:00,63,16.71500,3.67384,0.09380,26.00000,,,,
2024-05-06T17:16:28+00:00,64,2.33700,187.93851,0.67985,26.00000,,,,
2024-05-06T17:16:43+00:00,65,4.67600,46.94444,1.01320,26.00000,,,,
2024-05-06T17:17:00+00:00,66,2.30800,192.69102,0.40598,26.00000,,,,
2024-05-06T17:17:16+00:00,67,2.97900,115.66238,0.40598,26.00000,,,,
2024-05-06T17:17:39+00:00,68,11.04100,8.42008,0.18756,26.00000,,,,
2024-05-06T17:54:32+00:00,69,220.90601,0.00728,0.00728,9.00000,,,,
2024-05-06T17:54:48+00:00,70,13.92600,1.83210,7.18727,9.00000,,,,
2024-05-06T17:55:05+00:00,71,1.81400,107.97612,9.66012,9.00000,,,,
2024-05-06T17:55:21+00:00,72,1.55900,146.18744,10.30638,9.00000,,,,
2024-05-06T17:55:36+00:00,73,1.73700,117.76131,10.30638,9.00000,,,,
2024-05-06T17:55:52+00:00,74,4.59000,16.86463,3.00339,9.00000,,,,
2024-05-06T17:56:12+00:00,75,10.33600,3.32581,0.45809,9.00000,,,,
2024-05-06T17:59:37+00:00,76,91.81700,0.12176,0.12176,26.00000,,,,
2024-05-06T17:59:52+00:00,77,1.23900,668.63721,0.12176,26.00000,,,,
2024-05-06T18:00:18+00:00,78,20.70700,2.39386,1.25781,26.00000,,,,
2024-05-06T18:00:34+00:00,79,16.07600,3.97171,1.74317,26.00000,,,,
2024-05-06T18:00:50+00:00,80,5.26300,37.05667,9.42678,26.00000,,,,
2024-05-06T18:01:24+00:00,81,22.43200,2.03984,1.29377,26.00000,,,,
2024-05-06T18:01:40+00:00,82,1.11900,819.73407,1.29377,26.00000,,,,
2024-05-06T18:02:15+00:00,83,25.36100,0.55242,0.23077,9.00000,,,,
2024-05-06T18:03:02+00:00,84,46.02700,0.48452,0.07948,26.00000,,,,
2024-05-06T18:03:18+00:00,85,2.67700,143.23079,0.07948,26.00000,,,,
2024-05-06T18:03:34+00:00,86,1.55100,426.68710,0.07948,26.00000,,,,
2024-05-06T18:03:52+00:00,87,13.26800,5.83072,0.59102,26.00000,,,,
2024-05-06T18:04:08+00:00,88,1.23800,669.71777,1.30751,26.00000,,,,
2024-05-06T18:04:24+00:00,89,1.35200,561.53876,1.30751,26.00000,,,,
2024-05-06T18:08:47+00:00,90,99.11400,0.11252,0.11252,28.00000,,,,
2024-05-06T18:09:05+00:00,91,5.75400,33.38705,16.74979,28.00000,,,,
2024-05-06T18:09:23+00:00,92,3.42900,94.01190,14.17957,28.00000,,,,
2024-05-06T18:09:38+00:00,93,5.88800,31.88469,8.50128,28.00000,,,,
2024-05-06T18:09:55+00:00,94,3.15500,111.05013,8.50128,28.00000,,,,
2024-05-06T18:10:14+00:00,95,15.84800,4.40118,2.15041,28.00000,,,,
2024-05-06T18:10:31+00:00,96,3.15800,110.83923,2.15041,28.00000,,,,
2024-05-06T18:11:09+00:00,97,31.75800,1.09600,0.46377,28.00000,,,,
2024-05-06T18:11:25+00:00,98,1.80700,338.53336,0.70195,28.00000,,,,
2024-05-06T18:15:53+00:00,99,101.11600,0.12742,0.12742,33.00000,,,,
2024-05-06T18:16:14+00:00,100,16.59500,4.73063,2.42903,33.00000,,,,
2024-05-06T18:16:44+00:00,101,23.61900,2.33534,1.58812,33.00000,,,,
2024-05-06T18:17:00+00:00,102,1.26300,816.70831,1.58812,33.00000,,,,
2024-05-06T18:17:17+00:00,103,4.45300,65.70044,5.35382,33.00000,,,,
2024-05-06T18:17:33+00:00,104,1.43700,630.89948,5.35382,33.00000,,,,
2024-05-06T18:17:48+00:00,105,15.51600,5.41146,2.15306,33.00000,,,,
2024-05-06T18:18:31+00:00,106,35.18500,0.89290,0.50766,28.00000,,,,
2024-05-06T18:18:48+00:00,107,7.91200,17.65815,2.59512,28.00000,,,,
2024-05-06T18:20:17+00:00,108,36.60000,0.97255,0.97255,33.00000,,,,
2024-05-06T18:20:33+00:00,109,2.23500,260.80667,0.97255,33.00000,,,,
2024-05-06T18:20:51+00:00,110,2.23300,261.27405,0.97255,33.00000,,,,
2024-05-06T18:21:08+00:00,111,2.46000,215.27991,0.97255,33.00000,,,,
2024-05-06T18:21:25+00:00,112,2.14200,283.94537,0.97255,33.00000,,,,
2024-05-06T18:21:40+00:00,113,1.35600,708.52368,12.86195,33.00000,,,,
2024-05-06T18:21:56+00:00,114,1.32000,747.69727,12.86195,33.00000,,,,
2024-05-06T18:22:11+00:00,115,2.59300,193.76204,12.86195,33.00000,,,,
2024-05-06T18:22:28+00:00,116,2.65200,185.23654,16.87322,33.00000,,,,
2024-05-06T18:22:45+00:00,117,1.74600,427.35144,16.87322,33.00000,,,,
2024-05-06T18:23:12+00:00,118,12.12300,8.86448,3.61431,33.00000,,,,
2024-05-06T18:23:27+00:00,119,1.40800,657.15588,3.61431,33.00000,,,,
2024-05-06T18:23:43+00:00,120,1.96000,339.12634,3.61431,33.00000,,,,
2024-05-06T18:23:59+00:00,121,1.63200,489.14023,3.61431,33.00000,,,,
2024-05-06T18:24:24+00:00,122,14.95600,5.82429,1.57310,33.00000,,,,
2024-05-06T18:24:47+00:00,123,18.58400,3.77221,0.76361,33.00000,,,,
2024-05-06T18:25:14+00:00,124,13.68500,6.95639,0.96500,33.00000,,,,
2024-05-06T18:25:30+00:00,125,3.86100,87.39248,1.15036,33.00000,,,,
2024-05-06T18:25:46+00:00,126,3.63600,98.54305,1.15036,33.00000,,,,
2024-05-06T18:26:05+00:00,127,4.25800,71.85590,1.15036,33.00000,,,,
2024-05-06T18:26:21+00:00,128,2.19700,269.90665,1.15036,33.00000,,,,
2024-05-06T18:26:36+00:00,129,2.20400,268.19492,1.15036,33.00000,,,,
2024-05-06T18:26:52+00:00,130,1.53200,555.08081,1.15036,33.00000,,,,
2024-05-06T18:27:10+00:00,131,2.97200,147.49460,1.15036,33.00000,,,,
2024-05-06T18:33:35+00:00,132,10.38900,9.14434,9.14434,25.00000,,,,
2024-05-06T18:33:52+00:00,133,1.53900,466.70291,9.14434,28.00000,,,,
2024-05-06T18:34:07+00:00,134,1.23900,720.07080,9.14434,28.00000,,,,
2024-05-06T18:34:23+00:00,135,1.23900,720.07080,9.14434,28.00000,,,,
2024-05-06T18:34:38+00:00,136,1.02000,1062.47192,9.14434,28.00000,,,,
2024-05-06T18:34:54+00:00,137,1.23900,720.07080,9.14434,28.00000,,,,
2024-05-06T18:35:09+00:00,138,1.29900,655.08777,9.14434,28.00000,,,,
2024-05-06T18:35:25+00:00,139,1.27900,217.20067,7.29937,9.00000,,,,
2024-05-06T18:35:41+00:00,140,1.23800,231.82538,7.29937,9.00000,,,,
2024-05-06T18:35:56+00:00,141,1.17900,255.60814,7.29937,9.00000,,,,
2024-05-06T18:36:12+00:00,142,1.21900,239.10843,7.29937,9.00000,,,,
2024-05-06T18:37:30+00:00,143,15.06600,5.21777,5.21777,30.00000,,,,
2024-05-06T18:37:46+00:00,144,1.23900,771.50446,5.21777,30.00000,,,,
2024-05-06T18:38:03+00:00,145,5.51500,10.38386,7.80081,8.00000,,,,
2024-05-06T18:38:18+00:00,146,1.23800,206.06700,7.80081,8.00000,,,,
2024-05-06T18:38:34+00:00,147,1.23800,206.06700,7.80081,8.00000,,,,
2024-05-06T18:38:50+00:00,148,1.21800,212.88994,7.80081,8.00000,,,,
2024-05-06T18:39:06+00:00,149,1.21900,212.54082,7.80081,8.00000,,,,
2024-05-06T18:39:22+00:00,150,1.19800,220.05748,7.80081,8.00000,,,,
2024-05-06T18:39:38+00:00,151,1.21900,212.54082,7.80081,8.00000,,,,
2024-05-06T18:39:54+00:00,152,0.95900,343.40967,7.80081,8.00000,,,,
2024-05-06T18:40:13+00:00,153,5.11500,12.07142,6.15934,8.00000,,,,
2024-05-06T18:40:28+00:00,154,1.24000,205.40280,1.83273,8.00000,,,,
2024-05-06T19:19:56+00:00,155,97.80400,0.10730,0.10730,26.00000,,,,
2024-05-06T19:20:13+00:00,156,5.21600,37.72749,17.55579,26.00000,,,,
2024-05-06T19:20:28+00:00,157,1.27900,627.46863,17.55579,26.00000,,,,
2024-05-06T19:20:44+00:00,158,4.03600,19.38865,9.23611,8.00000,,,,
2024-05-06T19:21:00+00:00,159,1.21900,212.54082,9.23611,8.00000,,,,
2024-05-06T19:21:15+00:00,160,6.77300,22.37541,6.32230,26.00000,,,,
2024-05-06T19:21:31+00:00,161,1.03900,950.82813,6.32230,26.00000,,,,
2024-05-06T19:21:47+00:00,162,1.21900,212.54082,3.85347,8.00000,,,,
2024-05-06T19:22:03+00:00,163,1.23900,205.73451,3.85347,8.00000,,,,
2024-05-06T19:22:19+00:00,164,1.03900,292.56247,3.85347,8.00000,,,,
2024-05-06T19:22:35+00:00,165,1.23900,205.73451,3.85347,8.00000,,,,
2024-05-06T19:22:51+00:00,166,1.21800,212.88994,3.85347,8.00000,,,,
2024-05-06T19:23:07+00:00,167,1.01900,304.15948,3.85347,8.00000,,,,
2024-05-06T19:23:22+00:00,168,1.03800,293.12650,3.85347,8.00000,,,,
2024-05-06T19:23:41+00:00,169,3.41500,27.08123,4.41924,8.00000,,,,
2024-05-06T19:23:56+00:00,170,1.83700,93.59043,2.13471,8.00000,,,,
2024-05-06T19:24:12+00:00,171,4.19400,17.95531,2.24217,8.00000,,,,
2024-05-06T19:24:28+00:00,172,1.01800,304.75735,2.24217,8.00000,,,,
2024-05-06T19:24:44+00:00,173,1.26300,197.98990,2.24217,8.00000,,,,
2024-05-06T19:24:59+00:00,174,1.01900,304.15948,2.24217,8.00000,,,,
2024-05-06T19:25:15+00:00,175,1.21800,212.88994,2.24217,8.00000,,,,
2024-05-06T19:25:31+00:00,176,1.03900,292.56247,2.24217,8.00000,,,,
2024-05-06T19:25:47+00:00,177,1.00500,312.69260,2.24217,8.00000,,,,
2024-05-06T19:26:03+00:00,178,1.01800,304.75735,2.24217,8.00000,,,,
2024-05-06T19:26:18+00:00,179,1.13800,243.87384,4.27389,8.00000,,,,
2024-05-06T19:26:34+00:00,180,2.05600,74.71426,4.27389,8.00000,,,,
2024-05-06T19:26:50+00:00,181,1.01800,304.75735,4.27389,8.00000,,,,
2024-05-06T19:27:06+00:00,182,1.23800,206.06700,4.27389,8.00000,,,,
2024-05-06T19:28:13+00:00,183,11.67000,9.56604,9.56604,33.00000,,,,
2024-05-06T19:32:01+00:00,184,46.96500,0.42956,0.42956,24.00000,,,,
2024-05-06T19:32:16+00:00,185,1.19700,551.06323,0.42956,20.00000,,,,
2024-05-06T19:32:31+00:00,186,1.07900,881.63794,0.42956,26.00000,,,,
2024-05-06T19:32:47+00:00,187,1.03900,1170.24988,0.42956,32.00000,,,,
2024-05-06T19:33:02+00:00,188,1.02300,1358.03503,0.42956,36.00000,,,,
2024-05-06T20:30:22+00:00,189,72.48700,0.22540,0.22540,30.00000,,,,
2024-05-06T20:33:52+00:00,190,208.71201,0.02991,0.12766,33.00000,,,,
2024-05-06T20:34:14+00:00,191,20.71300,2.76055,0.96273,30.00000,,,,
2024-05-06T20:34:36+00:00,192,12.84700,4.78395,1.43667,20.00000,,,,
2024-05-06T20:36:45+00:00,193,117.87500,0.05683,0.29870,20.00000,,,,
2024-05-06T20:37:01+00:00,194,12.19400,5.31003,0.93479,20.00000,,,,
2024-05-06T20:37:19+00:00,195,11.39200,6.08401,1.00269,20.00000,,,,
2024-05-06T20:37:34+00:00,196,9.77200,8.26843,1.15889,20.00000,,,,
2024-05-06T20:37:50+00:00,197,1.06000,702.71313,1.15889,20.00000,,,,
2024-05-06T20:38:06+00:00,198,1.02000,758.90857,1.15889,20.00000,,,,
2024-05-06T20:38:22+00:00,199,3.17800,78.17754,1.15889,20.00000,,,,
2024-05-06T20:39:33+00:00,200,52.56800,0.37144,0.37144,26.00000,,,,
2024-05-06T20:39:57+00:00,201,13.05600,5.09521,2.73333,22.00000,,,,
2024-05-06T20:40:13+00:00,202,1.24000,564.85773,2.73333,22.00000,,,,
2024-05-06T20:40:38+00:00,203,15.74600,4.77684,2.50339,30.00000,,,,
2024-05-06T20:41:04+00:00,204,16.66400,2.84336,1.33669,20.00000,,,,
2024-05-06T20:57:57+00:00,205,998.59900,0.00040,0.26742,10.00000,,,,
2024-05-06T20:58:58+00:00,206,53.68800,0.27393,0.09022,20.00000,,,,
2024-05-06T20:59:14+00:00,207,1.24100,512.67975,0.09022,20.00000,,,,
2024-05-06T20:59:39+00:00,208,17.56700,3.58198,0.52460,28.00000,,,,
2024-05-06T21:02:13+00:00,209,74.67400,0.14160,0.14160,20.00000,,,,
2024-05-06T21:02:40+00:00,210,12.88100,4.75873,2.45016,20.00000,,,,
2024-05-06T21:02:56+00:00,211,1.21900,531.35205,2.45016,20.00000,,,,
2024-05-06T21:03:21+00:00,212,17.06700,2.03300,1.49439,15.00000,,,,
2024-05-06T21:03:36+00:00,213,1.21800,399.16867,1.49439,15.00000,,,,
2024-05-06T21:03:52+00:00,214,11.55900,2.95474,1.11228,10.00000,,,,
2024-05-06T21:04:08+00:00,215,8.39800,5.59768,1.34199,10.00000,,,,
2024-05-06T21:04:25+00:00,216,14.63500,2.76481,0.68447,15.00000,,,,
2024-05-06T21:04:41+00:00,217,1.23900,385.75223,0.68447,15.00000,,,,
2024-05-06T21:05:28+00:00,218,34.16000,0.50748,0.17028,15.00000,,,,
2024-05-06T21:05:46+00:00,219,17.70500,1.88912,0.25742,15.00000,,,,
2024-05-06T21:06:02+00:00,220,1.22000,397.86099,0.25742,15.00000,,,,
2024-05-06T21:06:33+00:00,221,22.60400,1.15899,0.15738,15.00000,,,,
2024-05-06T21:06:56+00:00,222,10.15900,5.73785,0.58952,15.00000,,,,
2024-05-06T21:07:12+00:00,223,11.07400,4.82883,0.65890,15.00000,,,,
2024-05-06T21:30:43+00:00,224,35.38700,0.63052,0.63052,20.00000,,,,
2024-05-06T21:30:58+00:00,225,1.15900,587.79089,0.63052,20.00000,,,,
2024-05-06T21:31:14+00:00,226,1.04000,730.00043,0.63052,20.00000,,,,
2024-05-06T21:31:30+00:00,227,1.03900,731.40625,0.63052,20.00000,,,,
2024-05-06T21:31:46+00:00,228,11.63400,8.75030,4.69041,30.00000,,,,
2024-05-06T21:32:06+00:00,229,14.01400,8.04073,4.24371,40.00000,,,,
2024-05-06T21:32:21+00:00,230,0.99900,1582.29980,4.24371,40.00000,,,,
2024-05-06T21:32:37+00:00,231,1.19900,1098.45288,4.24371,40.00000,,,,
2024-05-06T21:32:57+00:00,232,13.43200,2.18816,1.60797,10.00000,,,,
2024-05-06T21:34:40+00:00,233,24.24800,1.54431,1.54431,23.00000,,,,
2024-05-07T08:49:52+00:00,234,17.10000,1.89015,1.89015,14.00000,,,,
2024-05-07T08:50:10+00:00,235,12.66400,3.44624,2.66820,14.00000,,,,
2024-05-07T08:51:14+00:00,236,64.82800,0.13151,0.93324,14.00000,,,,
2024-05-07T08:51:36+00:00,237,10.19400,5.31861,1.50826,14.00000,,,,
2024-05-07T11:12:42+00:00,238,25.97100,1.05355,1.05355,18.00000,,,,
2024-05-07T11:12:59+00:00,239,2.02100,173.98015,1.05355,18.00000,,,,
2024-05-07T11:14:16+00:00,240,12.46600,3.68361,3.68361,14.50000,,,,
2024-05-07T11:14:32+00:00,241,1.57500,230.76323,3.68361,14.50000,,,,
2024-05-07T11:14:56+00:00,242,11.53200,4.30446,3.99403,14.50000,,,,
2024-05-07T11:16:43+00:00,243,19.84300,1.80475,1.80475,18.00000,,,,
2024-05-07T11:17:35+00:00,244,38.02600,0.69621,1.25048,25.50000,,,,
2024-05-07T11:17:51+00:00,245,1.73400,334.81259,1.25048,25.50000,,,,
2024-05-07T11:18:07+00:00,246,1.81200,306.60806,1.25048,25.50000,,,,
2024-05-07T11:18:22+00:00,247,2.08100,232.46404,1.25048,25.50000,,,,
2024-05-07T11:18:39+00:00,248,2.08100,232.46404,1.25048,25.50000,,,,
2024-05-07T11:18:56+00:00,249,2.07700,233.36031,1.25048,25.50000,,,,
2024-05-07T11:22:33+00:00,250,19.57400,0.01494,0.01494,14.50000,,,,
2024-05-07T11:22:48+00:00,251,1.55300,2.37348,0.26686,14.50000,,,,
2024-05-07T11:28:31+00:00,252,21.43100,0.01246,0.01246,14.50000,,,,
2024-05-07T11:28:47+00:00,253,2.29500,1.08683,0.12380,14.50000,,,,
2024-05-07T11:29:03+00:00,254,1.52500,2.46143,0.12336,14.50000,,,,
2024-05-07T11:29:29+00:00,255,19.99000,0.02075,0.00470,21.00000,,,,
2024-05-07T11:29:45+00:00,256,1.85100,2.41973,0.07122,21.00000,,,,
2024-05-07T11:30:02+00:00,257,2.04400,1.98435,0.04643,21.00000,,,,
2024-05-07T11:30:18+00:00,258,1.85000,2.42234,0.04660,21.00000,,,,
2024-05-07T11:30:35+00:00,259,1.84400,2.43813,0.03998,21.00000,,,,
2024-05-07T11:30:52+00:00,260,1.84400,2.43813,0.03484,21.00000,,,,
2024-05-07T11:31:08+00:00,261,1.82400,2.49189,0.03153,21.00000,,,,
2024-05-07T11:31:25+00:00,262,13.88300,0.04301,0.00069,21.00000,,,,
2024-05-07T11:33:57+00:00,263,63.59800,0.00195,0.00195,20.00000,,,,
2024-05-07T11:34:13+00:00,264,1.40500,3.99979,0.34204,20.00000,,,,
2024-05-07T11:34:29+00:00,265,1.24400,5.10210,0.21107,20.00000,,,,
2024-05-07T11:34:44+00:00,266,1.31900,4.53837,0.13346,20.00000,,,,
2024-05-07T11:35:01+00:00,267,1.34800,4.34520,0.09460,20.00000,,,,
2024-05-07T11:35:22+00:00,268,20.77000,0.01830,0.00235,20.00000,,,,
2024-05-07T11:35:41+00:00,269,17.95700,0.03489,0.00229,28.50000,,,,
2024-05-07T11:35:56+00:00,270,7.40000,0.20547,0.00418,28.50000,,,,
2024-05-07T11:36:17+00:00,271,13.67700,0.06015,0.00157,28.50000,,,,
2024-05-07T11:39:35+00:00,272,70.08900,0.00129,0.00129,16.00000,,,,
2024-05-07T11:43:12+00:00,273,74.61400,0.00124,0.00124,17.50000,,,,
2024-05-07T11:43:29+00:00,274,1.96900,1.78199,0.18839,17.50000,,,,
2024-05-07T11:43:44+00:00,275,1.63800,2.57496,0.13284,17.50000,,,,
2024-05-07T11:44:57+00:00,276,25.42700,0.00794,0.00794,13.00000,,,,
2024-05-07T11:47:07+00:00,277,126.73900,0.00044,0.36012,18.00000,,,,
2024-05-07T11:47:22+00:00,278,1.72100,2.39922,0.20233,18.00000,,,,
2024-05-07T11:47:37+00:00,279,1.69700,2.46756,0.11123,18.00000,,,,
2024-05-07T11:48:49+00:00,280,68.38800,0.00110,0.00528,13.00000,,,,
2024-05-07T11:49:04+00:00,281,1.36000,2.77476,0.07773,13.00000,,,,
2024-05-07T11:49:20+00:00,282,1.70600,1.76338,0.03836,13.00000,,,,
2024-05-07T11:49:36+00:00,283,1.71800,1.73883,0.03106,13.00000,,,,
2024-05-07T11:49:52+00:00,284,1.70100,1.77376,0.02730,13.00000,,,,
2024-05-07T11:50:07+00:00,285,1.70000,1.77585,0.02400,13.00000,,,,
2024-05-07T11:50:22+00:00,286,1.70000,1.77585,0.02140,13.00000,,,,
2024-05-07T11:50:38+00:00,287,1.69400,1.78845,0.01944,13.00000,,,,
2024-05-07T11:51:05+00:00,288,19.89200,0.01297,0.00031,13.00000,,,,
2024-05-07T11:54:09+00:00,289,16.82100,0.02023,0.02023,14.50000,,,,
2024-05-07T11:54:25+00:00,290,1.92400,1.54638,0.16633,14.50000,,,,
2024-05-07T11:54:41+00:00,291,1.51000,2.51058,0.12587,14.50000,,,,
2024-05-07T11:54:56+00:00,292,1.50500,2.52729,0.08432,14.50000,,,,
2024-05-07T11:55:11+00:00,293,1.50700,2.52058,0.06305,14.50000,,,,
2024-05-07T11:55:37+00:00,294,10.95300,0.04772,0.00139,14.50000,,,,
2024-05-07T11:56:05+00:00,295,16.05400,0.01532,0.00100,10.00000,,,,
2024-05-07T11:56:38+00:00,296,22.75600,0.01296,0.00023,17.00000,,,,
2024-05-07T11:58:13+00:00,297,93.38500,0.00066,0.00043,14.50000,,,,
2024-05-07T11:58:29+00:00,298,1.10900,4.65441,0.06249,14.50000,,,,
2024-05-07T11:58:45+00:00,299,1.56900,2.32532,0.02769,14.50000,,,,
2024-05-07T11:59:01+00:00,300,1.57000,2.32235,0.02458,14.50000,,,,
2024-05-07T11:59:29+00:00,301,17.19900,0.06207,0.06207,15.50000,,,,
2024-05-07T11:59:45+00:00,302,1.81200,5.59165,0.54420,15.50000,,,,
2024-05-07T12:00:00+00:00,303,1.81000,5.60401,0.27559,15.50000,,,,
2024-05-07T12:00:43+00:00,304,32.93500,0.02402,0.01452,22.00000,,,,
2024-05-07T12:00:59+00:00,305,1.89400,7.26419,0.18939,22.00000,,,,
2024-05-07T12:01:15+00:00,306,1.33200,14.68719,0.29260,22.00000,,,,
2024-05-07T12:01:30+00:00,307,1.50200,11.55067,0.19018,22.00000,,,,
2024-05-07T12:01:46+00:00,308,1.51500,11.35329,0.15838,22.00000,,,,
2024-05-07T12:02:03+00:00,309,1.89900,7.22599,0.08765,22.00000,,,,
2024-05-07T12:02:18+00:00,310,1.54600,10.90255,0.11652,22.00000,,,,
2024-05-07T12:02:49+00:00,311,10.78200,0.03396,0.03396,10.00000,,,,
2024-05-07T12:03:30+00:00,312,26.58500,0.00950,0.01786,17.00000,,,,
2024-05-07T12:03:45+00:00,313,1.60400,2.60855,0.13015,17.00000,,,,
2024-05-07T12:04:22+00:00,314,36.07700,0.00516,0.00722,17.00000,,,,
2024-05-07T12:10:14+00:00,315,51.15700,0.00234,0.00234,15.50000,,,,
2024-05-07T12:16:16+00:00,316,48.76300,0.01270,0.01270,25.50000,,,,
2024-05-07T12:16:32+00:00,317,1.61700,11.55167,1.50829,25.50000,,,,
2024-05-07T12:17:14+00:00,318,30.17200,0.03318,0.07410,25.50000,,,,
2024-05-07T12:17:30+00:00,319,1.32100,17.30848,0.65557,25.50000,,,,
2024-05-07T12:17:45+00:00,320,1.29200,18.09421,0.49669,25.50000,,,,
2024-05-07T12:18:07+00:00,321,19.54000,0.07911,0.00854,25.50000,,,,
2024-05-07T12:18:23+00:00,322,2.04400,7.22941,0.15721,25.50000,,,,
2024-05-07T12:18:39+00:00,323,2.02100,7.39490,0.13684,25.50000,,,,
2024-05-07T12:18:55+00:00,324,2.06600,7.07626,0.11604,25.50000,,,,
2024-05-07T12:20:15+00:00,325,27.12000,0.00912,0.00912,17.00000,,,,
2024-05-07T12:20:30+00:00,326,1.71400,2.28448,0.24350,17.00000,,,,
2024-05-07T12:20:45+00:00,327,1.71300,2.28715,0.11810,17.00000,,,,
2024-05-07T12:21:16+00:00,328,15.95100,0.02638,0.00322,17.00000,,,,
2024-05-07T12:21:32+00:00,329,7.18100,0.13015,0.00576,17.00000,,,,
2024-05-07T12:21:55+00:00,330,17.30000,0.02730,0.00198,20.70000,,,,
2024-05-07T12:23:20+00:00,331,15.57800,0.03823,0.03823,23.50000,,,,
2024-05-07T12:23:36+00:00,332,1.99200,2.33802,0.22859,23.50000,,,,
2024-05-07T12:23:53+00:00,333,1.96800,2.39540,0.13522,23.50000,,,,
2024-05-07T12:24:14+00:00,334,21.30800,0.00870,0.00757,10.00000,,,,
2024-05-07T12:24:30+00:00,335,1.38200,2.06702,0.07134,10.00000,,,,
2024-05-07T12:24:46+00:00,336,1.38200,2.06702,0.05170,10.00000,,,,
2024-05-07T12:25:20+00:00,337,16.35200,0.02658,0.02658,18.00000,,,,
2024-05-07T12:25:36+00:00,338,1.30600,4.16626,0.34793,18.00000,,,,
2024-05-07T12:25:52+00:00,339,1.30600,4.16626,0.18092,18.00000,,,,
2024-05-07T12:26:29+00:00,340,12.55000,0.02507,0.02507,10.00000,,,,
2024-05-07T12:26:54+00:00,341,12.70200,0.04282,0.02492,17.50000,,,,
2024-05-07T12:27:09+00:00,342,1.42300,3.41183,0.16693,17.50000,,,,
2024-05-07T12:27:26+00:00,343,1.98900,1.74634,0.05695,17.50000,,,,
2024-05-07T12:28:26+00:00,344,40.92000,0.00401,0.00401,17.00000,,,,
2024-05-07T12:28:42+00:00,345,1.29900,3.97732,0.36607,17.00000,,,,
2024-05-07T12:28:57+00:00,346,1.27300,4.14144,0.17703,17.00000,,,,
2024-05-07T12:29:12+00:00,347,1.29700,3.98959,0.12109,17.00000,,,,
2024-05-07T12:29:56+00:00,348,19.44200,0.01776,0.01776,17.00000,,,,
2024-05-07T12:30:12+00:00,349,1.70500,2.30866,0.25201,17.00000,,,,
2024-05-07T12:30:28+00:00,350,1.69700,2.33048,0.11707,17.00000,,,,
2024-05-07T12:31:31+00:00,351,40.65900,0.00239,0.00239,10.00000,,,,
2024-05-07T12:31:46+00:00,352,1.37600,2.08508,0.19114,10.00000,,,,
2024-05-07T12:32:01+00:00,353,1.37600,2.08508,0.09504,10.00000,,,,
2024-05-07T12:32:17+00:00,354,1.32000,4.30492,0.16579,19.00000,,,,
2024-05-07T12:32:33+00:00,355,1.32500,4.27249,0.11552,19.00000,,,,
2024-05-07T12:32:48+00:00,356,1.32600,4.26605,0.08889,19.00000,,,,
2024-05-07T12:33:03+00:00,357,1.77400,2.38345,0.04112,19.00000,,,,
2024-05-07T12:33:29+00:00,358,16.53200,0.02311,0.00131,16.00000,,,,
2024-05-07T12:33:46+00:00,359,1.63500,2.36289,0.03110,16.00000,,,,
2024-05-07T12:34:02+00:00,360,1.63400,2.36579,0.02751,16.00000,,,,
2024-05-07T12:34:30+00:00,361,14.64300,0.03867,0.00066,21.00000,,,,
2024-05-07T12:34:46+00:00,362,1.87500,2.35818,0.02240,21.00000,,,,
2024-05-07T12:35:09+00:00,363,12.94800,0.02355,0.00054,10.00000,,,,
2024-05-07T12:35:24+00:00,364,1.35100,2.16296,0.01730,10.00000,,,,
2024-05-07T12:36:42+00:00,365,12.74750,0.04373,0.04373,18.00000,,,,
2024-05-07T12:36:57+00:00,366,0.64200,17.24099,1.52300,18.00000,,,,
2024-05-07T12:37:13+00:00,367,0.65950,16.33814,0.71390,18.00000,,,,
2024-05-07T12:38:01+00:00,368,25.89400,0.01060,0.01060,18.00000,,,,
2024-05-07T12:38:17+00:00,369,1.30200,4.19189,0.34963,18.00000,,,,
2024-05-07T12:38:32+00:00,370,1.29700,4.22428,0.18041,18.00000,,,,
2024-05-07T12:38:48+00:00,371,1.29300,4.25045,0.12343,18.00000,,,,
2024-05-07T12:39:04+00:00,372,1.38000,3.73142,0.08324,18.00000,,,,
2024-05-07T12:39:20+00:00,373,1.38500,3.70453,0.06520,18.00000,,,,
2024-05-07T12:39:35+00:00,374,1.39200,3.66736,0.05410,18.00000,,,,
2024-05-07T12:39:51+00:00,375,1.39700,3.64116,0.04564,18.00000,,,,
2024-05-07T12:40:07+00:00,376,1.40600,3.59469,0.03918,18.00000,,,,
2024-05-07T12:40:23+00:00,377,1.41100,3.56926,0.03441,18.00000,,,,
2024-05-07T12:40:38+00:00,378,1.42000,3.52416,0.03073,18.00000,,,,
2024-05-07T12:40:54+00:00,379,1.77900,2.24533,0.01790,18.00000,,,,
2024-05-07T12:41:09+00:00,380,1.20500,4.89393,0.03584,18.00000,,,,
2024-05-07T12:41:26+00:00,381,1.16500,5.23577,0.03572,18.00000,,,,
2024-05-07T12:41:42+00:00,382,1.77600,2.25292,0.01444,18.00000,,,,
2024-05-07T12:41:58+00:00,383,1.77200,2.26311,0.01372,18.00000,,,,
2024-05-07T12:42:14+00:00,384,1.77300,2.26055,0.01299,18.00000,,,,
2024-05-07T12:42:30+00:00,385,1.77500,2.25546,0.01233,18.00000,,,,
2024-05-07T12:42:47+00:00,386,1.77200,2.26311,0.01179,18.00000,,,,
2024-05-07T12:43:02+00:00,387,1.76600,2.27851,0.01134,18.00000,,,,
2024-05-07T12:43:18+00:00,388,1.77000,2.26822,0.01080,18.00000,,,,
2024-05-07T15:06:48+00:00,389,772.35999,0.00001,0.00001,22.00000,,,,
2024-05-07T15:07:18+00:00,390,60.70600,0.00236,0.00119,22.00000,,,,
2024-05-07T15:07:34+00:00,391,2.24000,1.73096,0.21041,22.00000,,,,
2024-05-07T15:09:34+00:00,392,226.01401,0.00020,0.00938,25.50000,,,,
2024-05-07T15:19:28+00:00,393,72.25800,0.00136,0.00136,18.00000,,,,
2024-05-07T15:19:43+00:00,394,2.46400,1.17044,0.11248,18.00000,,,,
2024-05-07T15:19:58+00:00,395,3.57400,0.55632,0.02722,18.00000,,,,
2024-05-07T15:20:14+00:00,396,2.94600,0.81878,0.02599,18.00000,,,,
2024-05-07T15:20:29+00:00,397,3.58000,0.55445,0.01321,18.00000,,,,
2024-05-07T15:20:45+00:00,398,3.57600,0.55570,0.01090,18.00000,,,,
2024-05-07T15:21:01+00:00,399,3.58000,0.55445,0.00924,18.00000,,,,
2024-05-07T15:21:16+00:00,400,2.18000,1.49527,0.02117,18.00000,,,,
2024-05-07T15:21:33+00:00,401,3.56600,0.55882,0.00707,18.00000,,,,
2024-05-07T15:21:54+00:00,402,35.21400,0.00573,0.00015,18.00000,,,,
2024-05-07T15:23:13+00:00,403,25.34200,0.01352,0.01352,22.00000,,,,
2024-05-07T15:23:29+00:00,404,1.38600,4.52122,0.40934,22.00000,,,,
2024-05-07T15:24:13+00:00,405,31.47900,0.00825,0.00626,20.70000,,,,
2024-05-07T15:24:29+00:00,406,6.81400,0.17601,0.01246,20.70000,,,,
2024-05-07T15:24:44+00:00,407,1.86100,2.35959,0.06560,20.70000,,,,
2024-05-07T15:25:00+00:00,408,1.86000,2.36213,0.05252,20.70000,,,,
2024-05-07T15:25:16+00:00,409,1.85800,2.36722,0.04385,20.70000,,,,
2024-05-07T15:25:31+00:00,410,2.50000,1.30753,0.02186,20.70000,,,,
2024-05-07T15:27:18+00:00,411,8.53450,0.09214,0.09214,17.00000,,,,
2024-05-07T15:27:34+00:00,412,0.83800,9.55698,0.96710,17.00000,,,,
2024-05-07T15:27:50+00:00,413,0.69550,13.87440,0.67807,17.00000,,,,
2024-05-07T15:28:05+00:00,414,0.55050,22.14594,0.68463,17.00000,,,,
2024-05-07T15:29:37+00:00,415,43.62450,0.00353,0.00751,17.00000,,,,
2024-05-07T15:29:54+00:00,416,0.62950,16.93625,0.35238,17.00000,,,,
2024-05-07T15:30:12+00:00,417,5.29150,0.23969,0.00756,17.00000,,,,
2024-05-07T15:30:48+00:00,418,14.59600,0.03150,0.00307,17.00000,,,,
2024-05-07T15:32:16+00:00,419,14.70014,0.02923,0.02923,16.00000,,,,
2024-05-07T15:32:32+00:00,420,1.16620,4.64448,1.71259,16.00000,,,,
2024-05-07T15:32:48+00:00,421,0.86209,8.49907,0.56754,16.00000,,,,
2024-05-07T15:33:03+00:00,422,1.15347,4.74756,0.19046,16.00000,,,,
2024-05-07T15:33:19+00:00,423,0.86422,8.45739,0.22874,16.00000,,,,
2024-05-07T15:33:35+00:00,424,1.14356,4.83013,0.09806,16.00000,,,,
2024-05-07T15:33:52+00:00,425,1.13578,4.89652,0.08159,16.00000,,,,
2024-05-07T15:34:41+00:00,426,28.03041,0.01141,0.00199,22.70000,,,,
2024-05-07T15:34:57+00:00,427,1.37199,4.76081,0.06265,22.70000,,,,
2024-05-07T15:35:12+00:00,428,1.37412,4.74612,0.05651,22.70000,,,,
2024-05-07T15:35:28+00:00,429,1.37412,4.74612,0.05159,22.70000,,,,
2024-05-07T15:35:44+00:00,430,1.37412,4.74612,0.04747,22.70000,,,,
2024-05-07T15:35:59+00:00,431,1.37270,4.75591,0.04404,22.70000,,,,
2024-05-07T15:44:28+00:00,432,49.91089,0.00285,0.00285,18.00000,,,,
2024-05-07T15:44:44+00:00,433,0.90311,8.71263,0.92756,18.00000,,,,
2024-05-07T15:55:36+00:00,434,58.51131,0.00208,0.00208,18.00000,,,,
2024-05-07T15:55:52+00:00,435,0.98091,7.38547,0.69562,18.00000,,,,
2024-05-07T15:56:08+00:00,436,1.56436,2.90376,0.14741,18.00000,,,,
2024-05-07T15:56:25+00:00,437,10.56577,0.06365,0.01247,18.00000,,,,
2024-05-07T15:56:42+00:00,438,1.24116,4.61293,0.14430,18.00000,,,,
2024-05-07T15:56:57+00:00,439,1.17327,5.16224,0.12566,18.00000,,,,
2024-05-07T15:59:26+00:00,440,42.13700,0.00534,0.00534,24.00000,,,,
2024-05-07T15:59:42+00:00,441,1.45200,4.49405,0.40843,24.00000,,,,
2024-05-07T15:59:58+00:00,442,1.44800,4.51891,0.21560,24.00000,,,,
2024-05-07T16:00:14+00:00,443,0.99700,9.53193,0.28449,24.00000,,,,
2024-05-07T16:00:34+00:00,444,17.42400,0.02341,0.00413,18.00000,,,,
2024-05-07T16:00:50+00:00,445,1.77600,2.25292,0.05009,18.00000,,,,
2024-05-07T16:01:06+00:00,446,1.77600,2.25292,0.04174,18.00000,,,,
2024-05-07T16:01:22+00:00,447,1.77600,2.25292,0.03577,18.00000,,,,
2024-05-07T16:01:38+00:00,448,1.40300,3.61008,0.04894,18.00000,,,,
2024-05-07T16:01:53+00:00,449,1.41700,3.53910,0.04178,18.00000,,,,
2024-05-07T16:02:09+00:00,450,1.43200,3.46534,0.03586,18.00000,,,,
2024-05-07T16:02:46+00:00,451,31.27700,0.01211,0.00034,30.00000,,,,
2024-05-07T16:03:02+00:00,452,8.75300,0.15458,0.00166,30.00000,,,,
2024-05-07T16:03:22+00:00,453,20.36400,0.02856,0.00028,30.00000,,,,
2024-05-07T16:04:03+00:00,454,40.76100,0.00713,0.00007,30.00000,,,,
2024-05-07T16:04:19+00:00,455,1.09400,9.89570,0.08496,30.00000,,,,
2024-05-07T16:04:35+00:00,456,1.09700,9.84165,0.07967,30.00000,,,,
2024-05-07T16:04:50+00:00,457,5.01400,0.47110,0.00388,30.00000,,,,
2024-05-07T16:05:33+00:00,458,42.08600,0.00669,0.00032,30.00000,,,,
2024-05-07T16:05:49+00:00,459,1.68000,4.19626,0.03021,30.00000,,,,
2024-05-07T16:06:06+00:00,460,1.68400,4.17635,0.02901,30.00000,,,,
2024-05-07T16:06:24+00:00,461,11.00700,0.09776,0.00085,30.00000,,,,
2024-05-07T16:06:43+00:00,462,10.99900,0.09790,0.00104,30.00000,,,,
2024-05-07T16:08:25+00:00,463,39.70700,0.00601,0.00601,24.00000,,,,
2024-05-07T16:08:42+00:00,464,1.56500,3.86850,0.43851,24.00000,,,,
2024-05-07T16:08:57+00:00,465,1.36700,5.07030,0.26309,24.00000,,,,
2024-05-07T16:09:23+00:00,466,19.63400,0.02458,0.00751,24.00000,,,,
2024-05-07T16:09:38+00:00,467,1.60100,3.69648,0.10952,24.00000,,,,
2024-05-07T16:10:19+00:00,468,35.19700,0.00765,0.00179,24.00000,,,,
2024-05-07T16:10:35+00:00,469,1.54800,3.95393,0.08273,24.00000,,,,
2024-05-07T16:10:51+00:00,470,1.55100,3.93865,0.06815,24.00000,,,,
2024-05-07T16:11:07+00:00,471,1.41500,4.73215,0.06843,24.00000,,,,
2024-05-07T16:11:24+00:00,472,1.55100,3.93865,0.04936,24.00000,,,,
2024-05-07T16:11:39+00:00,473,1.55000,3.94373,0.04364,24.00000,,,,
2024-05-07T16:14:04+00:00,474,131.90900,0.00068,0.00025,30.00000,,,,
2024-05-07T16:14:21+00:00,475,2.21700,2.40963,0.02231,30.00000,,,,
2024-05-07T16:14:38+00:00,476,5.54200,0.38561,0.00357,30.00000,,,,
2024-05-07T16:15:08+00:00,477,23.66800,0.02114,0.00023,30.00000,,,,
2024-05-07T16:15:28+00:00,478,8.88100,0.15016,0.00141,30.00000,,,,
2024-05-07T16:18:41+00:00,479,189.46899,0.00026,0.00030,24.00000,,,,
2024-05-07T16:18:57+00:00,480,1.49100,4.26202,0.03204,24.00000,,,,
2024-05-07T16:19:13+00:00,481,1.48000,4.32561,0.02995,24.00000,,,,
2024-05-07T16:19:47+00:00,482,18.53100,0.02759,0.00033,24.00000,,,,
2024-05-07T16:20:02+00:00,483,1.54900,3.94883,0.02452,24.00000,,,,
2024-05-07T16:20:18+00:00,484,2.06900,2.21335,0.01333,24.00000,,,,
2024-05-07T16:20:34+00:00,485,2.06500,2.22193,0.01277,24.00000,,,,
2024-05-07T16:20:49+00:00,486,1.55200,3.93358,0.02138,24.00000,,,,
2024-05-07T16:21:05+00:00,487,1.61200,3.64620,0.01884,24.00000,,,,
2024-05-07T16:21:25+00:00,488,11.32300,0.07390,0.00042,24.00000,,,,
2024-05-07T16:22:01+00:00,489,32.14400,0.00917,0.00007,24.00000,,,,
2024-05-07T16:22:20+00:00,490,4.97000,0.38358,0.00189,24.00000,,,,
2024-05-07T16:22:35+00:00,491,2.03200,2.29469,0.01077,24.00000,,,,
2024-05-07T16:22:52+00:00,492,2.03100,2.29695,0.01054,24.00000,,,,
2024-05-07T16:23:07+00:00,493,1.16000,7.04134,0.03112,24.00000,,,,
2024-05-07T16:23:28+00:00,494,7.91800,0.15113,0.00073,24.00000,,,,
2024-05-07T16:23:44+00:00,495,2.03600,2.28568,0.00937,24.00000,,,,
2024-05-07T16:23:59+00:00,496,2.03100,2.29695,0.00908,24.00000,,,,
2024-05-07T16:24:15+00:00,497,1.61500,3.63267,0.01383,24.00000,,,,
2024-05-07T16:24:32+00:00,498,2.02600,2.30830,0.00852,24.00000,,,,
2024-05-07T16:24:47+00:00,499,1.41300,4.74555,0.01699,24.00000,,,,
2024-05-07T16:25:03+00:00,500,2.03900,2.27896,0.00791,24.00000,,,,
2024-05-07T16:25:19+00:00,501,3.04600,1.02120,0.00346,24.00000,,,,
2024-05-07T16:25:35+00:00,502,1.53700,4.01073,0.01306,24.00000,,,,
2024-05-07T16:25:58+00:00,503,18.95600,0.03131,0.00012,28.50000,,,,
2024-05-07T16:26:13+00:00,504,1.09200,9.43538,0.02988,28.50000,,,,
2024-05-07T16:26:35+00:00,505,8.41900,0.15874,0.00051,28.50000,,,,
2024-05-07T16:26:56+00:00,506,20.93900,0.01306,0.00004,14.50000,,,,
2024-05-07T16:27:16+00:00,507,12.36900,0.03742,0.00013,14.50000,,,,
2024-05-07T16:27:35+00:00,508,9.93600,0.05798,0.00018,14.50000,,,,
2024-05-07T16:28:10+00:00,509,28.57200,0.01161,0.00005,24.00000,,,,
2024-05-07T16:28:27+00:00,510,2.04700,2.26118,0.00650,24.00000,,,,
2024-05-07T16:28:57+00:00,511,25.61000,0.01445,0.00006,24.00000,,,,
2024-05-07T16:29:21+00:00,512,20.81000,0.02188,0.00008,24.00000,,,,
2024-05-07T16:29:36+00:00,513,1.41400,4.73884,0.01303,24.00000,,,,
2024-05-07T16:29:56+00:00,514,5.03700,0.37345,0.00101,24.00000,,,,
2024-05-07T16:30:44+00:00,515,47.86300,0.00414,0.00001,24.00000,,,,
2024-05-07T16:31:06+00:00,516,21.78000,0.01997,0.00005,24.00000,,,,
2024-05-07T16:33:58+00:00,517,18.63650,0.02046,0.02046,18.00000,,,,
2024-05-07T16:34:14+00:00,518,0.85800,9.65290,1.07386,18.00000,,,,
2024-05-07T16:34:30+00:00,519,0.88750,9.02185,0.49630,18.00000,,,,
2024-05-07T16:34:55+00:00,520,7.34950,0.13156,0.01880,18.00000,,,,
2024-05-07T16:35:14+00:00,521,13.51202,0.05190,0.00262,24.00000,,,,
2024-05-07T16:35:31+00:00,522,1.19943,6.58595,0.19193,24.00000,,,,
2024-05-07T16:35:46+00:00,523,1.03960,8.76668,0.20396,24.00000,,,,
2024-05-07T16:36:35+00:00,524,42.99600,0.00214,0.00464,10.00000,,,,
2024-05-07T16:36:51+00:00,525,1.38400,2.06105,0.03436,10.00000,,,,
2024-05-07T16:37:07+00:00,526,0.61200,18.97271,0.28205,18.00000,,,,
2024-05-07T16:37:22+00:00,527,0.89000,8.97124,0.11806,18.00000,,,,
2024-05-07T16:37:38+00:00,528,0.65500,16.56341,0.19471,18.00000,,,,
2024-05-07T16:37:54+00:00,529,0.88950,8.98132,0.09455,18.00000,,,,
2024-05-07T16:38:10+00:00,530,1.72950,2.37570,0.02352,18.00000,,,,
2024-05-07T16:38:37+00:00,531,12.07200,0.04876,0.00122,18.00000,,,,
2024-05-07T16:38:53+00:00,532,0.70600,14.25683,0.12195,18.00000,,,,
2024-05-07T16:39:08+00:00,533,1.65450,2.59596,0.02160,18.00000,,,,
2024-05-07T16:39:32+00:00,534,8.44550,0.09963,0.00160,18.00000,,,,
2024-05-07T16:39:47+00:00,535,0.69700,14.62739,0.10308,18.00000,,,,
2024-05-07T16:40:17+00:00,536,18.58900,0.02285,0.00079,20.00000,,,,
2024-05-07T16:40:32+00:00,537,1.35700,4.28776,0.02645,20.00000,,,,
2024-05-07T16:40:47+00:00,538,1.42600,3.88285,0.02246,20.00000,,,,
2024-05-07T16:41:04+00:00,539,1.85000,2.30699,0.01261,20.00000,,,,
2024-05-07T16:41:20+00:00,540,1.84900,2.30949,0.01201,20.00000,,,,
2024-05-07T16:42:45+00:00,541,12.61650,0.04464,0.04464,18.00000,,,,
2024-05-07T16:43:40+00:00,542,22.24300,0.01436,0.19108,18.00000,,,,
2024-05-07T16:43:56+00:00,543,0.70150,14.44032,0.76638,18.00000,,,,
2024-05-07T16:44:11+00:00,544,0.91150,8.55301,0.29200,18.00000,,,,
2024-05-07T16:44:28+00:00,545,0.70500,14.29730,0.34996,18.00000,,,,
2024-05-07T16:49:55+00:00,546,6.23500,0.18279,0.09428,18.00000,,,,
2024-05-07T16:50:12+00:00,547,2.16900,1.51047,0.17978,18.00000,,,,
2024-05-07T16:50:28+00:00,548,1.78300,2.23527,0.12460,18.00000,,,,
2024-05-07T16:51:06+00:00,549,26.28300,0.00886,0.00205,15.50000,,,,
2024-05-07T16:51:22+00:00,550,1.69800,2.12235,0.06148,15.50000,,,,
2024-05-07T16:51:38+00:00,551,1.68400,2.15778,0.05245,15.50000,,,,
2024-05-07T16:51:54+00:00,552,3.87400,0.40773,0.00892,15.50000,,,,
2024-05-07T16:52:09+00:00,553,4.19800,0.34722,0.00751,15.50000,,,,
2024-05-07T16:54:15+00:00,554,42.91200,0.00386,0.00386,18.00000,,,,
2024-05-07T16:54:31+00:00,555,1.82600,2.13123,0.24037,18.00000,,,,
2024-05-07T16:54:47+00:00,556,3.52400,0.57222,0.04175,18.00000,,,,
2024-05-07T16:56:19+00:00,557,20.03112,0.02361,0.02361,24.00000,,,,
2024-05-07T16:56:35+00:00,558,1.09972,7.83446,0.79490,24.00000,,,,
2024-05-07T16:56:56+00:00,559,13.05304,0.05561,0.05081,24.00000,,,,
2024-05-07T16:57:12+00:00,560,3.82815,0.64654,0.03986,24.00000,,,,
2024-05-07T16:57:27+00:00,561,1.54243,3.98253,0.17031,24.00000,,,,
2024-05-07T16:57:43+00:00,562,1.06153,8.40830,0.24669,24.00000,,,,
2024-05-07T16:58:15+00:00,563,19.93100,0.01789,0.00675,18.00000,,,,
2024-05-07T16:58:30+00:00,564,1.34900,3.90489,0.07512,18.00000,,,,
2024-05-07T16:58:47+00:00,565,2.69300,0.97985,0.01630,18.00000,,,,
2024-05-07T17:00:22+00:00,566,22.78100,0.00761,0.00761,10.00000,,,,
2024-05-07T17:00:38+00:00,567,6.17300,0.18648,0.16413,18.00000,,,,
2024-05-07T17:00:53+00:00,568,0.68950,14.94733,1.07284,18.00000,,,,
2024-05-07T17:01:09+00:00,569,0.66450,16.09320,0.71297,18.00000,,,,
2024-05-07T17:01:25+00:00,570,0.70300,14.37877,0.42867,18.00000,,,,
2024-05-07T17:01:41+00:00,571,0.76600,12.11085,0.27181,18.00000,,,,
2024-05-07T17:02:00+00:00,572,2.18800,1.48435,0.02844,18.00000,,,,
2024-05-07T17:02:17+00:00,573,1.28200,4.32371,0.07231,18.00000,,,,
2024-05-07T17:02:33+00:00,574,0.67850,15.43592,0.21627,18.00000,,,,
2024-05-07T17:02:49+00:00,575,0.70100,14.46093,0.19038,18.00000,,,,
2024-05-07T17:03:39+00:00,576,34.57991,0.00792,0.00264,24.00000,,,,
2024-05-07T17:03:55+00:00,577,0.87694,12.32045,0.13707,24.00000,,,,
2024-05-07T17:04:11+00:00,578,5.19943,0.35048,0.00468,24.00000,,,,
2024-05-07T17:04:28+00:00,579,5.64710,0.29711,0.00325,24.00000,,,,
2024-05-07T17:04:54+00:00,580,18.60679,0.02737,0.00029,24.00000,,,,
2024-05-07T17:06:29+00:00,581,56.67539,0.00295,0.00035,24.00000,,,,
2024-05-07T17:06:44+00:00,582,1.36492,5.08575,0.04348,24.00000,,,,
2024-05-07T17:07:20+00:00,583,14.72277,0.04371,0.00105,24.00000,,,,
2024-05-07T17:07:35+00:00,584,0.95050,10.48748,0.07828,24.00000,,,,
2024-05-07T17:07:53+00:00,585,1.73692,3.14060,0.02205,24.00000,,,,
2024-05-07T17:08:08+00:00,586,1.08699,8.01903,0.05416,24.00000,,,,
2024-05-07T17:08:24+00:00,587,1.08699,8.01903,0.05074,24.00000,,,,
2024-05-07T17:08:40+00:00,588,1.12093,7.54069,0.04461,24.00000,,,,
2024-05-07T17:08:56+00:00,589,1.13083,7.40923,0.04142,24.00000,,,,
2024-05-07T17:09:12+00:00,590,1.13083,7.40923,0.03902,24.00000,,,,
2024-05-07T17:09:29+00:00,591,1.13225,7.39073,0.03702,24.00000,,,,
2024-05-07T17:09:45+00:00,592,1.13366,7.37230,0.03496,24.00000,,,,
2024-05-07T17:10:14+00:00,593,12.71711,0.05859,0.00044,24.00000,,,,
2024-05-07T17:10:31+00:00,594,1.06719,8.31939,0.03569,24.00000,,,,
2024-05-07T17:10:47+00:00,595,1.12730,7.45578,0.03045,24.00000,,,,
2024-05-07T17:11:04+00:00,596,1.47383,4.36189,0.01709,24.00000,,,,
2024-05-07T17:11:20+00:00,597,1.46322,4.42536,0.01689,24.00000,,,,
2024-05-07T17:13:27+00:00,598,82.62801,0.00139,0.00011,24.00000,,,,
2024-05-07T17:14:01+00:00,599,18.81895,0.02675,0.00012,24.00000,,,,
2024-05-07T17:14:18+00:00,600,4.11881,0.55851,0.00202,24.00000,,,,
2024-05-07T17:14:38+00:00,601,6.29279,0.23927,0.00093,24.00000,,,,
2024-05-07T17:14:53+00:00,602,10.87836,0.08007,0.00029,24.00000,,,,
2024-05-07T17:15:15+00:00,603,11.65912,0.06970,0.00026,24.00000,,,,
2024-05-07T17:15:37+00:00,604,4.46322,0.47563,0.00184,24.00000,,,,
2024-05-07T17:15:52+00:00,605,0.72065,18.24405,0.06055,24.00000,,,,
2024-05-07T17:16:07+00:00,606,0.87624,12.34034,0.03925,24.00000,,,,
2024-05-07T17:16:23+00:00,607,0.77157,15.91550,0.04835,24.00000,,,,
2024-05-07T17:16:38+00:00,608,0.73409,17.58228,0.05127,24.00000,,,,
2024-05-07T17:16:54+00:00,609,1.14356,7.24519,0.02035,24.00000,,,,
2024-05-07T17:17:11+00:00,610,4.38190,0.49345,0.00144,24.00000,,,,
2024-05-07T17:17:28+00:00,611,4.44201,0.48019,0.00136,24.00000,,,,
2024-05-07T17:17:57+00:00,612,14.57355,0.04461,0.00012,24.00000,,,,
2024-05-07T17:18:13+00:00,613,0.72065,18.24405,0.04763,24.00000,,,,
2024-05-07T17:18:29+00:00,614,0.72631,17.96094,0.04582,24.00000,,,,
2024-05-07T17:18:45+00:00,615,0.70721,18.94392,0.04663,24.00000,,,,
2024-05-07T17:19:01+00:00,616,0.87199,12.46073,0.02963,24.00000,,,,
2024-05-07T17:19:16+00:00,617,0.86280,12.72771,0.02926,24.00000,,,,
2024-05-07T17:19:31+00:00,618,0.72207,18.17265,0.04047,24.00000,,,,
2024-05-07T17:19:47+00:00,619,0.70863,18.86837,0.04067,24.00000,,,,
2024-05-07T17:20:02+00:00,620,0.72136,18.20830,0.03809,24.00000,,,,
2024-05-07T17:20:18+00:00,621,0.80622,14.57673,0.02962,24.00000,,,,
2024-05-07T17:20:33+00:00,622,0.73126,17.71857,0.03509,24.00000,,,,
2024-05-07T17:20:48+00:00,623,0.73550,17.51472,0.03375,24.00000,,,,
2024-05-07T17:21:54+00:00,624,37.52122,0.00673,0.00002,24.00000,,,,
2024-05-07T17:22:10+00:00,625,0.71004,18.79327,0.03523,24.00000,,,,
2024-05-07T17:22:58+00:00,626,30.35219,0.01028,0.00005,24.00000,,,,
2024-05-07T17:23:14+00:00,627,0.95050,10.48748,0.01939,24.00000,,,,
2024-05-07T17:23:30+00:00,628,1.12376,7.50278,0.01365,24.00000,,,,
2024-05-07T17:23:46+00:00,629,1.00071,9.46143,0.01686,24.00000,,,,
2024-05-07T17:24:03+00:00,630,1.13508,7.35393,0.01286,24.00000,,,,
2024-05-07T17:24:19+00:00,631,0.98656,9.73467,0.01669,24.00000,,,,
2024-05-07T17:24:40+00:00,632,11.34441,0.07362,0.00015,24.00000,,,,
2024-05-07T17:25:00+00:00,633,4.97100,0.38343,0.00066,24.00000,,,,
2024-05-07T17:25:15+00:00,634,0.99151,9.63771,0.01590,24.00000,,,,
2024-05-07T17:26:16+00:00,635,27.80450,0.00919,0.00004,18.00000,,,,
2024-05-07T17:26:32+00:00,636,0.62550,18.16258,0.02918,18.00000,,,,
2024-05-07T17:26:47+00:00,637,0.87950,9.18672,0.01453,18.00000,,,,
2024-05-07T17:27:03+00:00,638,0.87500,9.28146,0.01445,18.00000,,,,
2024-05-07T17:30:36+00:00,639,29.31895,0.00827,0.00827,18.00000,,,,
2024-05-07T17:30:52+00:00,640,0.88897,8.99209,0.81089,18.00000,,,,
2024-05-07T17:31:07+00:00,641,1.26238,4.45918,0.24397,18.00000,,,,
2024-05-07T17:31:23+00:00,642,1.26167,4.46418,0.15965,18.00000,,,,
2024-05-07T17:31:39+00:00,643,1.26096,4.46919,0.11662,18.00000,,,,
2024-05-07T17:41:05+00:00,644,21.72348,0.02008,0.02008,24.00000,,,,
2024-05-07T17:41:23+00:00,645,2.83663,1.17751,0.18841,24.00000,,,,
2024-05-07T17:41:40+00:00,646,4.60537,0.44673,0.06495,24.00000,,,,
2024-05-07T17:41:56+00:00,647,1.41796,4.71239,0.20529,24.00000,,,,
2024-05-07T17:42:31+00:00,648,21.01627,0.02145,0.01247,24.00000,,,,
2024-05-07T17:42:47+00:00,649,1.07072,8.26453,0.24359,24.00000,,,,
2024-05-07T17:43:02+00:00,650,1.07214,8.24274,0.18763,24.00000,,,,
2024-05-07T17:43:24+00:00,651,12.21146,0.04765,0.00236,18.00000,,,,
2024-05-07T17:43:41+00:00,652,1.26945,4.40963,0.07478,18.00000,,,,
2024-05-07T17:43:57+00:00,653,1.26874,4.41455,0.06493,18.00000,,,,
2024-05-07T17:44:13+00:00,654,1.26945,4.40963,0.05728,18.00000,,,,
2024-05-07T17:46:11+00:00,655,23.93250,0.01241,0.01241,18.00000,,,,
2024-05-07T17:46:27+00:00,656,0.86900,9.41007,1.06077,18.00000,,,,
2024-05-07T17:46:43+00:00,657,0.86950,9.39925,0.52391,18.00000,,,,
2024-05-07T17:46:58+00:00,658,0.87050,9.37766,0.33316,18.00000,,,,
2024-05-07T17:47:13+00:00,659,0.86950,9.39925,0.24400,18.00000,,,,
2024-05-07T17:47:29+00:00,660,0.86950,9.39925,0.20008,18.00000,,,,
2024-05-07T17:47:45+00:00,661,0.86900,9.41007,0.16809,18.00000,,,,
2024-05-07T17:48:00+00:00,662,0.66600,16.02078,0.24310,18.00000,,,,
2024-05-07T17:48:39+00:00,663,32.16100,0.00382,0.00345,10.00000,,,,
2024-05-07T17:48:55+00:00,664,1.39000,2.04329,0.02433,10.00000,,,,
2024-05-07T17:49:11+00:00,665,1.38600,2.05510,0.02163,10.00000,,,,
2024-05-07T17:49:30+00:00,666,6.57350,0.16445,0.00168,18.00000,,,,
2024-05-07T17:49:46+00:00,667,1.09350,5.94285,0.05480,18.00000,,,,
2024-05-07T17:50:02+00:00,668,0.93750,8.08518,0.06800,18.00000,,,,
2024-05-07T17:50:21+00:00,669,7.13200,0.13970,0.00226,18.00000,,,,
2024-05-07T17:50:36+00:00,670,0.89200,8.93105,0.06665,18.00000,,,,
2024-05-07T17:50:51+00:00,671,0.89150,8.94107,0.06292,18.00000,,,,
2024-05-07T17:51:20+00:00,672,9.23450,0.08333,0.00108,18.00000,,,,
2024-05-07T17:51:37+00:00,673,0.68250,15.25552,0.09425,18.00000,,,,
2024-05-07T17:51:52+00:00,674,0.67400,15.64273,0.09160,18.00000,,,,
2024-05-07T17:52:44+00:00,675,8.06400,0.10928,0.10928,18.00000,,,,
2024-05-07T17:53:00+00:00,676,0.88500,9.07289,1.02301,18.00000,,,,
2024-05-07T17:53:16+00:00,677,0.88450,9.08315,0.50625,18.00000,,,,
2024-05-07T17:53:31+00:00,678,0.88450,9.08315,0.33688,18.00000,,,,
2024-05-07T18:15:56+00:00,679,668.03052,0.00002,0.01482,18.00000,,,,
2024-05-07T18:18:04+00:00,680,63.69700,0.00175,0.00046,18.00000,,,,
2024-05-07T18:18:19+00:00,681,0.68600,15.10025,0.32234,18.00000,,,,
2024-05-07T18:19:59+00:00,682,45.90050,0.00337,0.00520,18.00000,,,,
2024-05-07T18:20:15+00:00,683,4.84850,0.30229,0.00904,18.00000,,,,
2024-05-07T18:20:31+00:00,684,3.84250,0.48129,0.00877,18.00000,,,,
2024-05-07T18:20:46+00:00,685,0.68900,14.96904,0.21682,18.00000,,,,
2024-05-07T18:21:02+00:00,686,2.79350,0.91062,0.01298,18.00000,,,,
2024-05-07T18:21:26+00:00,687,6.78650,0.15429,0.00287,18.00000,,,,
2024-05-07T18:21:42+00:00,688,0.65800,16.41272,0.18628,18.00000,,,,
2024-05-07T18:21:59+00:00,689,0.90600,8.65717,0.08804,18.00000,,,,
2024-05-07T18:22:15+00:00,690,0.67250,15.71259,0.14226,18.00000,,,,
2024-05-07T18:22:43+00:00,691,16.03253,0.03686,0.00151,24.00000,,,,
2024-05-07T18:22:58+00:00,692,0.72419,18.06633,0.14600,24.00000,,,,
2024-05-07T18:23:30+00:00,693,9.43000,0.07991,0.00087,18.00000,,,,
2024-05-07T18:23:46+00:00,694,0.70100,14.46093,0.10193,18.00000,,,,
2024-05-07T18:24:01+00:00,695,0.70400,14.33795,0.09442,18.00000,,,,
2024-05-07T18:28:25+00:00,696,94.75200,0.00079,0.00079,18.00000,,,,
2024-05-07T18:28:41+00:00,697,0.68950,14.94733,1.32120,18.00000,,,,
2024-05-07T18:28:56+00:00,698,0.69400,14.75412,0.69088,18.00000,,,,
2024-05-07T18:31:05+00:00,699,27.96040,0.00909,0.00909,18.00000,,,,
2024-05-07T18:31:20+00:00,700,1.26025,4.47420,0.45259,18.00000,,,,
2024-05-07T18:31:35+00:00,701,0.94979,7.87733,0.37635,18.00000,,,,
2024-05-07T18:31:51+00:00,702,0.95120,7.85392,0.24583,18.00000,,,,
2024-05-07T18:32:28+00:00,703,22.70156,0.01838,0.00627,24.00000,,,,
2024-05-07T18:32:43+00:00,704,0.86139,12.76954,0.29787,24.00000,,,,
2024-05-07T18:34:09+00:00,705,17.66549,1.02277,1.02277,18.00000,,,,
2024-05-07T18:34:25+00:00,706,0.96181,8.68163,0.72895,18.00000,,,,
2024-05-07T18:34:41+00:00,707,1.28289,5.31774,0.22853,18.00000,,,,
2024-05-07T18:36:10+00:00,708,59.47666,1.00201,0.04285,18.00000,,,,
2024-05-07T18:36:25+00:00,709,0.95050,8.86561,0.23114,18.00000,,,,
2024-05-07T18:40:31+00:00,710,173.82320,1.00024,0.03078,18.00000,,,,
2024-05-07T18:40:46+00:00,711,1.47030,4.28717,0.08930,18.00000,,,,
2024-05-07T18:41:16+00:00,712,20.94908,1.01619,0.02168,18.00000,,,,
2024-05-07T18:41:32+00:00,713,0.94625,8.93631,0.14561,18.00000,,,,
2024-05-07T18:41:47+00:00,714,1.26803,5.41947,0.07744,18.00000,,,,
2024-05-07T18:42:03+00:00,715,0.94837,8.90085,0.11126,18.00000,,,,
2024-05-07T18:42:18+00:00,716,1.26803,5.41947,0.05998,18.00000,,,,
2024-05-07T21:54:54+00:00,717,40.57426,1.00324,1.00324,13.50000,,,,
2024-05-07T21:55:10+00:00,718,1.04738,5.85828,0.55927,13.50000,,,,
2024-05-07T21:55:29+00:00,719,5.01556,1.21186,0.06930,13.50000,,,,
2024-05-07T21:55:48+00:00,720,11.44342,1.04070,0.05500,13.50000,,,,
2024-05-07T21:56:04+00:00,721,1.10396,5.37307,0.17928,13.50000,,,,
2024-05-07T21:56:20+00:00,722,0.85926,8.21838,0.20122,13.50000,,,,
2024-05-07T21:56:47+00:00,723,14.38685,1.03433,0.02528,18.00000,,,,
2024-05-07T21:57:03+00:00,724,0.94201,9.00797,0.15270,18.00000,,,,
2024-05-07T21:57:18+00:00,725,0.97525,8.47141,0.12123,18.00000,,,,
2024-05-07T21:57:34+00:00,726,0.85714,10.67221,0.13011,18.00000,,,,
2024-05-07T21:58:00+00:00,727,17.29137,1.02377,0.01400,18.00000,,,,
2024-05-07T21:59:59+00:00,728,46.08500,1.00316,1.00316,17.00000,,,,
2024-05-07T22:00:15+00:00,729,1.71300,3.28715,0.37057,17.00000,,,,
2024-05-07T22:00:52+00:00,730,24.33400,1.01333,0.06577,20.00000,,,,
2024-05-07T22:01:07+00:00,731,1.33800,5.41040,0.20936,20.00000,,,,
2024-05-07T22:01:25+00:00,732,4.06500,1.47782,0.04079,20.00000,,,,
2024-05-07T22:01:41+00:00,733,1.35200,5.31953,0.11831,20.00000,,,,
2024-05-07T22:01:56+00:00,734,1.38200,5.13403,0.09179,20.00000,,,,
2024-05-07T22:02:12+00:00,735,1.33000,5.46361,0.08152,20.00000,,,,
2024-05-07T22:03:50+00:00,736,19.64500,1.01637,1.01637,15.50000,,,,
2024-05-07T22:04:06+00:00,737,1.68000,3.23801,0.36673,15.50000,,,,
2024-05-07T22:04:34+00:00,738,15.50000,1.02629,0.06989,15.50000,,,,
2024-05-07T22:05:06+00:00,739,23.55100,1.01424,0.05129,18.00000,,,,
2024-05-07T22:05:22+00:00,740,1.41000,4.97147,0.15219,18.00000,,,,
2024-05-07T22:05:38+00:00,741,1.40800,4.98276,0.11154,18.00000,,,,
2024-05-07T22:05:53+00:00,742,1.42600,4.88285,0.08624,18.00000,,,,
2024-05-07T22:06:09+00:00,743,1.21700,6.33100,0.09152,18.00000,,,,
2024-05-07T22:07:34+00:00,744,25.09300,1.00909,1.00909,14.50000,,,,
2024-05-07T22:07:49+00:00,745,1.60200,3.23050,0.34864,14.50000,,,,
2024-05-07T22:08:04+00:00,746,1.38500,3.98420,0.19300,14.50000,,,,
2024-05-07T22:09:30+00:00,747,26.68700,1.01219,1.01219,22.00000,,,,
2024-05-07T22:09:47+00:00,748,1.96000,3.26084,0.33166,22.00000,,,,
2024-05-07T22:10:03+00:00,749,1.40000,5.43125,0.27067,22.00000,,,,
2024-05-07T22:10:19+00:00,750,1.51400,4.78905,0.15526,22.00000,,,,
2024-05-07T22:10:36+00:00,751,14.69500,1.04022,0.03527,22.00000,,,,
2024-05-07T22:10:52+00:00,752,1.52500,4.73459,0.10798,22.00000,,,,
2024-05-07T22:11:09+00:00,753,5.11700,1.33170,0.02621,22.00000,,,,
2024-05-07T22:11:25+00:00,754,1.37100,5.62070,0.09501,22.00000,,,,
2024-05-07T22:11:40+00:00,755,1.93700,3.31485,0.04829,22.00000,,,,
2024-05-07T22:11:55+00:00,756,5.86800,1.25223,0.01667,22.00000,,,,
2024-05-07T22:12:13+00:00,757,9.72800,1.09178,0.01367,22.00000,,,,
2024-05-07T22:12:53+00:00,758,35.60300,1.00707,0.01219,22.70000,,,,
2024-05-07T22:13:09+00:00,759,1.58900,4.54926,0.04858,22.70000,,,,
2024-05-07T22:13:25+00:00,760,1.65300,4.27974,0.04098,22.70000,,,,
2024-05-07T22:13:41+00:00,761,1.53800,4.78855,0.04152,22.70000,,,,
2024-05-07T22:13:57+00:00,762,1.38100,5.69892,0.04517,22.70000,,,,
2024-05-07T22:14:13+00:00,763,1.55700,4.69665,0.03434,22.70000,,,,
2024-05-07T22:14:29+00:00,764,1.54100,4.77381,0.03252,22.70000,,,,
2024-05-07T22:14:45+00:00,765,1.36600,5.80269,0.03669,22.70000,,,,
2024-05-07T22:15:00+00:00,766,1.38800,5.65165,0.03378,22.70000,,,,
2024-05-07T22:15:15+00:00,767,1.55600,4.70140,0.02660,22.70000,,,,
2024-05-07T22:15:32+00:00,768,1.56200,4.67302,0.02489,22.70000,,,,
2024-05-07T22:17:11+00:00,769,29.40099,1.00959,1.00959,21.00000,,,,
2024-05-07T22:17:28+00:00,770,1.31895,5.76563,0.65029,21.00000,,,,
2024-05-07T22:30:15+00:00,771,48.89392,1.00281,1.00281,17.00000,,,,
2024-05-07T22:30:30+00:00,772,1.17963,5.82298,0.59380,17.00000,,,,
2024-05-07T22:30:46+00:00,773,0.89745,9.33267,0.44630,17.00000,,,,
2024-05-07T22:31:02+00:00,774,0.86492,9.97128,0.30182,17.00000,,,,
2024-05-07T22:31:18+00:00,775,1.17822,5.83457,0.13441,17.00000,,,,
2024-05-07T22:31:33+00:00,776,1.15912,5.99516,0.11100,17.00000,,,,
2024-05-07T22:31:55+00:00,777,14.51131,1.03937,0.02053,21.00000,,,,
2024-05-07T22:32:12+00:00,778,0.95615,10.06827,0.15004,21.00000,,,,
2024-05-07T22:32:27+00:00,779,1.03324,8.76564,0.11263,21.00000,,,,
2024-05-07T22:32:43+00:00,780,1.03890,8.68129,0.09775,21.00000,,,,
2024-05-07T22:32:59+00:00,781,0.93989,10.38486,0.10339,21.00000,,,,
2024-05-07T22:33:24+00:00,782,14.91655,1.04347,0.01066,24.50000,,,,
2024-05-07T22:33:40+00:00,783,6.42291,1.23446,0.01210,24.50000,,,,
2024-05-07T22:33:56+00:00,784,4.72560,1.43312,0.01304,24.50000,,,,
2024-05-07T22:34:13+00:00,785,1.41372,5.83948,0.04618,24.50000,,,,
2024-05-07T22:34:28+00:00,786,1.42079,5.79143,0.04290,24.50000,,,,
2024-05-07T22:35:00+00:00,787,17.93423,1.03498,0.00776,28.50000,,,,
2024-05-07T22:35:16+00:00,788,1.21711,8.59524,0.05736,28.50000,,,,
2024-05-07T22:35:33+00:00,789,1.22348,8.51642,0.05328,28.50000,,,,
2024-05-07T22:35:49+00:00,790,1.12306,9.92077,0.05831,28.50000,,,,
2024-05-07T22:36:05+00:00,791,1.11810,9.99994,0.05551,28.50000,,,,
2024-05-07T22:36:21+00:00,792,1.23621,8.36242,0.04406,28.50000,,,,
2024-05-07T22:36:37+00:00,793,1.10467,10.22022,0.05106,28.50000,,,,
2024-05-07T22:37:26+00:00,794,34.57355,1.01080,0.00526,32.70000,,,,
2024-05-07T22:37:43+00:00,795,0.80481,20.93067,0.09827,32.70000,,,,
2024-05-07T22:37:58+00:00,796,1.22207,9.64408,0.04326,32.70000,,,,
2024-05-07T22:38:13+00:00,797,1.18812,10.14509,0.04353,32.70000,,,,
2024-05-07T22:38:29+00:00,798,1.22419,9.61415,0.03958,32.70000,,,,
2024-05-07T22:38:44+00:00,799,1.22277,9.63409,0.03809,32.70000,,,,
2024-05-07T22:39:00+00:00,800,1.22136,9.65410,0.03671,32.70000,,,,
2024-05-07T22:39:16+00:00,801,1.18600,10.17783,0.03743,32.70000,,,,
2024-05-07T22:39:32+00:00,802,1.18105,10.25494,0.03623,32.70000,,,,
2024-05-07T22:39:47+00:00,803,1.18034,10.26603,0.03503,32.70000,,,,
2024-05-07T22:40:03+00:00,804,1.23197,9.50570,0.03138,32.70000,,,,
2024-05-07T22:40:18+00:00,805,1.17327,10.37807,0.03326,32.70000,,,,
2024-05-07T22:40:34+00:00,806,1.18388,10.21076,0.03161,32.70000,,,,
2024-05-07T22:40:50+00:00,807,0.80481,20.93067,0.06275,32.70000,,,,
2024-05-07T22:41:05+00:00,808,0.80481,20.93067,0.06092,32.70000,,,,
2024-05-07T22:41:21+00:00,809,1.23975,9.39929,0.02664,32.70000,,,,
2024-05-07T22:41:36+00:00,810,1.16124,10.57327,0.02904,32.70000,,,,
2024-05-07T22:41:52+00:00,811,1.24611,9.31370,0.02491,32.70000,,,,
2024-05-07T22:42:07+00:00,812,0.80127,21.10696,0.05482,32.70000,,,,
2024-05-07T22:42:22+00:00,813,1.25318,9.22013,0.02338,32.70000,,,,
2024-05-07T22:42:38+00:00,814,1.14710,10.81080,0.02656,32.70000,,,,
2024-05-07T22:50:03+00:00,815,28.13579,1.00648,1.00648,13.00000,,,,
2024-05-07T22:50:19+00:00,816,1.04385,5.71009,0.52399,13.00000,,,,
2024-05-07T22:50:41+00:00,817,12.38402,1.04505,0.09095,17.50000,,,,
2024-05-07T22:50:58+00:00,818,1.43989,4.33228,0.18003,17.50000,,,,
2024-05-07T22:51:14+00:00,819,1.19661,5.82498,0.16657,17.50000,,,,
2024-05-07T22:51:47+00:00,820,15.95332,1.02637,0.02718,17.00000,,,,
2024-05-07T22:52:02+00:00,821,0.91372,9.03864,0.17269,17.00000,,,,
2024-05-07T22:52:17+00:00,822,1.17963,5.82298,0.09395,17.00000,,,,
2024-05-07T22:52:33+00:00,823,0.88472,9.57419,0.13676,17.00000,,,,
2024-05-07T22:52:50+00:00,824,1.98303,2.70668,0.03432,17.00000,,,,
2024-05-07T22:53:06+00:00,825,1.29703,4.98941,0.05681,17.00000,,,,
2024-05-07T22:53:22+00:00,826,1.17963,5.82298,0.06029,17.00000,,,,
2024-05-07T22:53:38+00:00,827,1.18034,5.81720,0.05437,17.00000,,,,
2024-05-07T22:54:02+00:00,828,14.37341,1.03249,0.00978,17.00000,,,,
2024-05-07T22:54:18+00:00,829,1.19731,5.68159,0.04735,17.00000,,,,
2024-05-07T22:54:34+00:00,830,0.93989,8.59727,0.06625,17.00000,,,,
2024-05-07T22:54:50+00:00,831,0.95757,8.31931,0.05972,17.00000,,,,
2024-05-07T22:55:06+00:00,832,1.00990,11.33507,0.07801,26.70000,,,,
2024-05-07T22:55:49+00:00,833,21.51061,1.02278,0.00714,26.70000,,,,
2024-05-07T22:56:31+00:00,834,21.45969,1.02803,0.00677,32.70000,,,,
2024-05-07T22:56:46+00:00,835,1.44696,7.16588,0.04285,32.70000,,,,
2024-05-07T22:57:32+00:00,836,31.61386,1.01185,0.00646,30.00000,,,,
2024-05-07T22:57:48+00:00,837,0.78854,20.04716,0.11048,30.00000,,,,
2024-05-07T22:58:04+00:00,838,1.25743,8.49059,0.04452,30.00000,,,,
2024-05-07T22:58:20+00:00,839,0.78289,20.32345,0.10082,30.00000,,,,
2024-05-07T22:58:36+00:00,840,1.09123,10.94599,0.05184,30.00000,,,,
2024-05-07T22:59:48+00:00,841,46.03819,1.00317,0.00479,17.00000,,,,
2024-05-07T23:00:04+00:00,842,1.17751,5.84037,0.02582,17.00000,,,,
2024-05-07T23:01:09+00:00,843,40.60679,1.00407,0.00444,17.00000,,,,
2024-05-07T23:01:24+00:00,844,2.34088,2.22476,0.00944,17.00000,,,,
2024-05-07T23:01:40+00:00,845,0.92433,8.85518,0.03603,17.00000,,,,
2024-05-07T23:02:02+00:00,846,6.04173,1.18386,0.00468,17.00000,,,,
2024-05-07T23:02:18+00:00,847,1.22136,5.49907,0.02120,17.00000,,,,
2024-05-07T23:03:00+00:00,848,21.17610,1.01849,0.00386,21.00000,,,,
2024-05-07T23:03:16+00:00,849,1.32249,5.74018,0.02075,21.00000,,,,
2024-05-07T23:03:32+00:00,850,0.81542,13.46865,0.04684,21.00000,,,,
2024-05-07T23:03:48+00:00,851,0.91018,11.00739,0.03691,21.00000,,,,
2024-05-07T23:04:22+00:00,852,15.06577,1.04174,0.00351,24.00000,,,,
2024-05-07T23:04:37+00:00,853,1.40948,5.76931,0.01831,24.00000,,,,
2024-05-07T23:04:54+00:00,854,1.11386,8.63675,0.02645,24.00000,,,,
2024-05-07T23:05:09+00:00,855,1.67327,4.38408,0.01315,24.00000,,,,
2024-05-07T23:05:42+00:00,856,19.12023,1.01890,0.00306,17.50000,,,,
2024-05-07T23:05:57+00:00,857,0.93423,8.91573,0.02558,17.50000,,,,
2024-05-07T23:06:14+00:00,858,1.20226,5.77968,0.01618,17.50000,,,,
2024-05-07T23:06:30+00:00,859,0.94837,8.68138,0.02381,17.50000,,,,
2024-05-07T23:06:46+00:00,860,4.14781,1.40157,0.00382,17.50000,,,,
2024-05-07T23:07:02+00:00,861,5.73904,1.20976,0.00327,17.50000,,,,
2024-05-07T23:07:19+00:00,862,2.12023,2.53686,0.00665,17.50000,,,,
2024-05-07T23:07:35+00:00,863,1.20368,5.76845,0.01463,17.50000,,,,
2024-05-07T23:07:52+00:00,864,1.22348,5.61535,0.01394,17.50000,,,,
2024-05-07T23:08:07+00:00,865,1.20651,5.74612,0.01397,17.50000,,,,
2024-05-07T23:08:24+00:00,866,1.20156,5.78531,0.01377,17.50000,,,,
2024-05-07T23:08:39+00:00,867,0.75106,13.24750,0.03084,17.50000,,,,
2024-05-07T23:08:54+00:00,868,1.20721,5.74056,0.01312,17.50000,,,,
2024-05-07T23:09:57+00:00,869,35.77157,1.00540,0.00228,17.50000,,,,
2024-05-07T23:17:48+00:00,870,21.89038,1.01648,1.01648,20.00000,,,,
2024-05-07T23:18:03+00:00,871,0.86704,11.50286,1.03277,20.00000,,,,
2024-05-07T23:18:19+00:00,872,1.02475,8.51886,0.39061,20.00000,,,,
2024-05-07T23:18:34+00:00,873,0.94342,9.87109,0.29816,20.00000,,,,
2024-05-07T23:18:51+00:00,874,1.01344,8.68770,0.19801,20.00000,,,,
2024-05-07T23:19:06+00:00,875,0.93423,10.04655,0.18227,20.00000,,,,
2024-05-07T23:19:21+00:00,876,1.04455,8.23648,0.12720,20.00000,,,,
2024-05-07T23:19:38+00:00,877,1.31330,5.57788,0.07438,20.00000,,,,
2024-05-07T23:19:53+00:00,878,0.91443,10.44260,0.12220,20.00000,,,,
2024-05-07T23:20:09+00:00,879,0.90736,10.59037,0.11120,20.00000,,,,
2024-05-07T23:20:25+00:00,880,0.89958,10.75696,0.10124,20.00000,,,,
2024-05-07T23:20:40+00:00,881,1.08062,7.76148,0.06657,20.00000,,,,
2024-05-07T23:20:56+00:00,882,1.31683,5.55333,0.04352,20.00000,,,,
2024-05-07T23:21:12+00:00,883,1.11033,7.40456,0.05349,20.00000,,,,
2024-05-07T23:22:25+00:00,884,43.53041,1.00473,0.00687,22.70000,,,,
2024-05-07T23:22:42+00:00,885,1.38755,5.65464,0.03704,22.70000,,,,
2024-05-07T23:22:58+00:00,886,3.08982,1.93869,0.01251,22.70000,,,,
2024-05-07T23:23:14+00:00,887,0.98586,10.22059,0.06151,22.70000,,,,
2024-05-07T23:23:30+00:00,888,0.98303,10.27374,0.05766,22.70000,,,,
2024-05-07T23:23:59+00:00,889,18.06931,1.02297,0.00593,19.00000,,,,
2024-05-07T23:24:14+00:00,890,0.98515,8.72876,0.04526,19.00000,,,,
2024-05-07T23:24:30+00:00,891,0.90170,10.22554,0.04987,19.00000,,,,
2024-05-07T23:24:47+00:00,892,1.97595,2.92114,0.01362,19.00000,,,,
2024-05-07T23:25:02+00:00,893,0.97454,8.89794,0.03905,19.00000,,,,
2024-05-07T23:25:18+00:00,894,0.97737,8.85229,0.03690,19.00000,,,,
2024-05-07T23:25:33+00:00,895,0.91726,9.91522,0.03949,19.00000,,,,
2024-05-07T23:25:49+00:00,896,0.99151,8.62985,0.03296,19.00000,,,,
2024-05-07T23:26:04+00:00,897,0.89250,10.41659,0.03813,19.00000,,,,
2024-05-07T23:26:20+00:00,898,0.87694,10.75369,0.03770,19.00000,,,,
2024-05-07T23:26:35+00:00,899,0.99929,8.51152,0.02875,19.00000,,,,
2024-05-07T23:26:51+00:00,900,1.00849,8.37519,0.02730,19.00000,,,,
2024-05-07T23:27:07+00:00,901,1.26379,5.69638,0.01800,19.00000,,,,
2024-05-07T23:27:22+00:00,902,1.26025,5.72277,0.01752,19.00000,,,,
2024-05-07T23:27:38+00:00,903,1.47100,4.46645,0.01326,19.00000,,,,
2024-05-07T23:27:55+00:00,904,1.25884,5.73339,0.01649,19.00000,,,,
2024-05-07T23:28:11+00:00,905,1.25813,5.73871,0.01603,19.00000,,,,
2024-05-07T23:28:26+00:00,906,0.76874,13.69267,0.03715,19.00000,,,,
2024-05-07T23:28:42+00:00,907,1.25813,5.73871,0.01519,19.00000,,,,
2024-05-07T23:28:58+00:00,908,1.25884,5.73339,0.01478,19.00000,,,,
2024-05-07T23:29:14+00:00,909,1.25813,5.73871,0.01443,19.00000,,,,
2024-05-07T23:29:30+00:00,910,1.25248,5.78162,0.01417,19.00000,,,,
2024-05-07T23:30:51+00:00,911,57.23550,1.00253,0.00248,21.00000,,,,
2024-05-07T23:31:07+00:00,912,0.94979,10.19022,0.02415,21.00000,,,,
2024-05-07T23:31:22+00:00,913,1.02263,8.92759,0.02063,21.00000,,,,
2024-05-07T23:31:38+00:00,914,0.94059,10.37075,0.02331,21.00000,,,,
2024-05-07T23:31:54+00:00,915,0.96252,9.94874,0.02182,21.00000,,,,
2024-05-07T23:32:10+00:00,916,0.92574,10.67383,0.02280,21.00000,,,,
2024-05-07T23:32:25+00:00,917,0.96322,9.93560,0.02075,21.00000,,,,
2024-05-07T23:32:41+00:00,918,0.85361,12.37793,0.02520,21.00000,,,,
2024-05-08T07:02:50+00:00,919,52.30764,1.00231,8.04046,16.00000,,,,
2024-05-08T07:03:06+00:00,920,0.98868,7.46196,2.95270,16.00000,,,,
2024-05-08T07:03:23+00:00,921,2.02970,2.53326,4.68122,16.00000,,,,
2024-05-08T07:03:40+00:00,922,4.18670,1.36036,3.89732,16.00000,,,,
2024-05-08T07:03:59+00:00,923,8.20863,1.09374,2.24987,16.00000,,,,
2024-05-08T07:04:14+00:00,924,1.20085,5.38029,3.42075,16.00000,,,,
2024-05-08T07:04:29+00:00,925,1.31542,4.65050,6.62203,16.00000,,,,
2024-05-08T07:04:46+00:00,926,0.91726,8.50756,7.67312,16.00000,,,,
2024-05-08T07:05:06+00:00,927,4.40948,1.32487,4.81574,16.00000,,,,
2024-05-08T07:05:24+00:00,928,5.38685,1.21768,5.49464,16.00000,,,,
2024-05-08T07:07:27+00:00,929,82.13932,1.00140,4.16680,24.00000,,,,
2024-05-08T07:10:34+00:00,930,23.02970,1.01638,8.04328,22.00000,,,,
2024-05-08T07:10:53+00:00,931,3.24894,1.82281,3.76922,22.00000,,,,
2024-05-08T07:11:09+00:00,932,11.38260,1.06703,2.02263,22.00000,,,,
2024-05-08T07:11:30+00:00,933,4.75460,1.38420,6.24884,22.00000,,,,
2024-05-08T07:12:39+00:00,934,44.73267,1.00316,3.20392,16.00000,,,,
2024-05-08T07:12:55+00:00,935,0.87553,9.24019,5.32285,16.00000,,,,
2024-05-08T07:13:11+00:00,936,0.83734,10.00897,9.24942,16.00000,,,,
2024-05-08T07:13:27+00:00,937,1.17751,5.55565,8.43290,16.00000,,,,
2024-05-08T07:13:43+00:00,938,0.88402,9.08274,7.70010,16.00000,,,,
2024-05-08T07:14:00+00:00,939,0.90099,8.78108,8.40199,16.00000,,,,
2024-05-08T07:14:15+00:00,940,0.85644,9.61173,9.23230,16.00000,,,,
2024-05-08T07:14:31+00:00,941,0.92008,8.46146,9.02137,16.00000,,,,
2024-05-08T07:14:47+00:00,942,0.86634,9.41601,9.32012,16.00000,,,,
2024-05-08T07:16:09+00:00,943,37.66761,1.00445,8.04089,16.00000,,,,
2024-05-08T07:16:25+00:00,944,2.65064,1.89904,2.06752,16.00000,,,,
2024-05-08T07:16:41+00:00,945,2.74752,1.83675,4.31752,16.00000,,,,
2024-05-08T07:23:53+00:00,946,52.45120,1.00297,8.04059,20.70000,,,,
2024-05-08T07:38:37+00:00,947,24.54597,1.01356,8.04271,20.70000,,,,
2024-05-08T07:38:52+00:00,948,0.90736,10.92603,6.92760,20.70000,,,,
2024-05-08T07:39:08+00:00,949,0.91443,10.77309,8.51790,20.70000,,,,
2024-05-08T07:39:24+00:00,950,1.04880,8.42928,8.26573,20.70000,,,,
2024-05-08T07:39:39+00:00,951,0.99859,9.19520,6.02617,20.70000,,,,
2024-05-08T07:40:01+00:00,952,15.77369,1.03284,4.54689,20.70000,,,,
2024-05-08T07:40:19+00:00,953,7.33876,1.15173,4.30076,20.70000,,,,
2024-05-08T07:40:43+00:00,954,7.03112,1.16530,6.33590,20.70000,,,,
2024-05-08T07:41:00+00:00,955,1.67397,3.91630,7.39323,20.70000,,,,
2024-05-08T07:41:48+00:00,956,31.31542,1.00833,3.97058,20.70000,,,,
2024-05-08T07:45:16+00:00,957,139.08133,1.00054,7.65763,26.70000,,,,
2024-05-08T07:45:32+00:00,958,0.70438,22.24473,17.59426,26.70000,,,,
2024-05-08T07:45:48+00:00,959,0.84088,15.90755,10.24732,26.70000,,,,
2024-05-08T07:46:03+00:00,960,0.96181,12.39441,15.40323,26.70000,,,,
2024-05-08T07:46:19+00:00,961,0.75389,19.54622,10.40409,26.70000,,,,
2024-05-08T07:46:36+00:00,962,2.13861,3.30466,8.25532,26.70000,,,,
2024-05-08T07:46:52+00:00,963,2.49717,2.69034,9.51667,26.70000,,,,
2024-05-08T07:48:12+00:00,964,46.33805,1.00491,10.57107,26.70000,,,,
2024-05-08T07:48:35+00:00,965,6.29774,1.26577,7.20048,26.70000,,,,
2024-05-08T07:48:51+00:00,966,0.79137,17.83099,15.06691,26.70000,,,,
2024-05-08T07:49:07+00:00,967,1.07072,10.19429,13.27144,26.70000,,,,
2024-05-08T07:49:23+00:00,968,0.88260,14.53134,18.42063,26.70000,,,,
2024-05-08T07:49:39+00:00,969,0.77369,18.60902,15.24360,26.70000,,,,
2024-05-08T07:49:56+00:00,970,1.10679,9.60481,14.17206,26.70000,,,,
2024-05-08T07:51:07+00:00,971,41.98235,1.00464,8.04093,20.70000,,,,
2024-05-08T07:51:23+00:00,972,0.98500,9.42283,9.06456,20.70000,,,,
2024-05-08T07:52:08+00:00,973,22.50297,1.01559,5.85460,20.00000,,,,
2024-05-08T07:52:25+00:00,974,5.54372,1.25691,7.70681,20.00000,,,,
2024-05-08T07:52:42+00:00,975,2.02020,2.93464,7.04888,20.00000,,,,
2024-05-08T07:53:40+00:00,976,40.70107,1.00560,5.56225,23.50000,,,,
2024-05-08T07:54:26+00:00,977,25.25432,1.01455,8.04291,23.50000,,,,
2024-05-08T07:54:42+00:00,978,0.93267,11.66518,10.59912,23.50000,,,,
2024-05-08T07:54:57+00:00,979,0.96803,10.90035,10.46298,23.50000,,,,
2024-05-08T07:55:13+00:00,980,1.43896,5.48052,8.38678,23.50000,,,,
2024-05-08T07:55:44+00:00,981,21.61060,1.01750,7.62594,20.70000,,,,
2024-05-08T07:56:00+00:00,982,0.97934,9.52041,8.90647,20.70000,,,,
2024-05-08T07:56:43+00:00,983,28.25033,1.00791,7.58311,16.00000,,,,
2024-05-08T07:56:59+00:00,984,1.16814,5.62903,7.15010,16.00000,,,,
2024-05-08T07:57:15+00:00,985,0.98500,7.51040,8.42185,16.00000,,,,
2024-05-08T07:57:33+00:00,986,3.60342,1.48646,5.18520,16.00000,,,,
2024-05-08T07:57:51+00:00,987,2.78317,1.81545,5.50673,16.00000,,,,
2024-05-08T07:58:18+00:00,988,15.83141,1.02520,5.37721,16.00000,,,,
2024-05-08T07:58:34+00:00,989,1.17945,5.54065,5.59245,16.00000,,,,
2024-05-08T08:05:24+00:00,990,286.70563,1.00008,4.67237,16.00000,,,,
2024-05-08T08:05:40+00:00,991,0.72196,13.11876,6.51585,16.00000,,,,
2024-05-08T08:05:56+00:00,992,0.92843,8.32791,6.51391,16.00000,,,,
2024-05-08T08:06:12+00:00,993,1.12501,5.99079,5.65625,16.00000,,,,
2024-05-08T08:12:35+00:00,994,34.09315,1.00679,8.04136,20.00000,,,,
2024-05-08T08:13:26+00:00,995,29.11088,1.00932,4.55890,20.00000,,,,
2024-05-08T08:13:52+00:00,996,11.68706,1.05781,1.08253,20.00000,,,,
2024-05-08T08:14:13+00:00,997,13.53897,1.04307,2.07602,20.00000,,,,
2024-05-08T08:14:31+00:00,998,6.58387,1.18215,2.57830,20.00000,,,,
2024-05-08T08:14:51+00:00,999,9.31613,1.07051,1.79664,15.50000,,,,
2024-05-08T08:15:15+00:00,1000,8.67408,1.08133,1.32977,15.50000,,,,
2024-05-08T08:15:32+00:00,1001,6.16880,1.16080,5.84141,15.50000,,,,
2024-05-08T08:15:49+00:00,1002,2.15950,2.31215,7.22193,15.50000,,,,
2024-05-08T08:16:05+00:00,1003,0.99419,7.19086,7.11356,15.50000,,,,
2024-05-08T08:16:20+00:00,1004,0.77428,11.20689,8.65264,15.50000,,,,
2024-05-08T08:16:35+00:00,1005,0.98854,7.26191,4.42833,15.50000,,,,
2024-05-08T08:16:54+00:00,1006,4.74893,1.27133,5.66772,15.50000,,,,
2024-05-08T08:17:10+00:00,1007,0.94682,7.82591,5.76381,15.50000,,,,
2024-05-08T08:17:26+00:00,1008,2.17153,2.29766,4.39700,15.50000,,,,
2024-05-08T08:18:00+00:00,1009,17.89899,1.02095,4.48058,17.00000,,,,
2024-05-08T08:18:17+00:00,1010,0.86479,9.97399,9.11341,17.00000,,,,
2024-05-08T08:19:11+00:00,1011,33.85698,1.00878,5.80278,25.50000,,,,
2024-05-08T08:19:34+00:00,1012,16.30730,1.03786,4.68426,25.50000,,,,
2024-05-08T08:20:17+00:00,1013,30.62550,1.01376,3.88715,32.70000,,,,
2024-05-08T08:20:39+00:00,1014,14.07284,1.06518,3.01230,32.70000,,,,
2024-05-08T08:20:55+00:00,1015,8.10981,1.19628,4.86702,32.70000,,,,
2024-05-08T08:21:12+00:00,1016,1.88020,4.65175,10.52432,32.70000,,,,
2024-05-08T08:21:28+00:00,1017,3.60766,1.99187,9.90881,32.70000,,,,
2024-05-08T08:21:44+00:00,1018,1.03450,13.06282,11.33724,32.70000,,,,
2024-05-08T08:22:00+00:00,1019,0.95459,15.16674,8.39434,32.70000,,,,
2024-05-08T08:22:16+00:00,1020,1.10097,11.65026,8.21093,32.70000,,,,
2024-05-08T08:22:32+00:00,1021,2.91328,2.52105,7.32788,32.70000,,,,
2024-05-08T08:22:51+00:00,1022,4.47033,1.64599,9.24806,32.70000,,,,
2024-05-08T08:23:26+00:00,1023,15.16956,1.05610,2.30300,32.70000,,,,
2024-05-08T08:23:42+00:00,1024,0.96025,15.00032,15.24676,32.70000,,,,
2024-05-08T08:23:58+00:00,1025,2.87863,2.55788,8.23534,32.70000,,,,
2024-05-08T08:24:13+00:00,1026,0.95247,15.22991,12.96751,32.70000,,,,
2024-05-08T08:24:33+00:00,1027,5.21845,1.47405,8.41593,32.70000,,,,
2024-05-08T08:24:49+00:00,1028,0.97864,14.47924,7.07801,32.70000,,,,
2024-05-08T08:25:10+00:00,1029,5.99344,1.35938,7.42061,32.70000,,,,
2024-05-08T08:25:26+00:00,1030,9.84363,1.13323,4.43478,32.70000,,,,
2024-05-08T08:25:47+00:00,1031,4.57569,1.61659,7.84671,32.70000,,,,
2024-05-08T08:26:05+00:00,1032,1.80312,4.97061,10.89322,32.70000,,,,
2024-05-08T08:26:23+00:00,1033,9.46038,1.14424,4.62983,32.70000,,,,
2024-05-08T08:26:42+00:00,1034,2.96631,2.46715,4.33584,32.70000,,,,
2024-05-08T08:26:58+00:00,1035,0.91924,16.27745,6.60065,32.70000,,,,
2024-05-08T08:27:15+00:00,1036,2.25921,3.52927,7.23091,32.70000,,,,
2024-05-08T08:27:31+00:00,1037,0.96591,14.83682,14.99727,32.70000,,,,
2024-05-08T08:27:49+00:00,1038,11.59797,1.09597,15.05964,32.70000,,,,
2024-05-08T08:28:09+00:00,1039,6.24305,1.33122,6.34435,32.70000,,,,
2024-05-08T08:28:38+00:00,1040,17.55393,1.04189,10.29012,32.70000,,,,
2024-05-08T08:28:56+00:00,1041,4.53397,1.62799,4.63058,32.70000,,,,
2024-05-08T08:29:19+00:00,1042,9.21289,1.15210,12.77099,32.70000,,,,
2024-05-08T08:29:35+00:00,1043,1.56058,6.30070,11.54886,32.70000,,,,
2024-05-08T08:31:07+00:00,1044,55.83033,1.00414,8.69594,32.70000,,,,
2024-05-08T08:31:23+00:00,1045,2.53286,3.01227,6.89604,32.70000,,,,
2024-05-08T08:31:39+00:00,1046,1.97283,4.31687,10.23722,32.70000,,,,
2024-05-08T08:32:00+00:00,1047,5.59321,1.41265,7.51639,32.70000,,,,
2024-05-08T08:32:16+00:00,1048,11.75636,1.09340,4.32341,32.70000,,,,
2024-05-08T08:32:32+00:00,1049,3.79433,1.89668,10.31519,32.70000,,,,
2024-05-08T08:32:49+00:00,1050,2.22668,3.60371,3.31228,32.70000,,,,
2024-05-08T08:33:15+00:00,1051,9.82525,1.13373,3.07486,32.70000,,,,
2024-05-08T08:33:33+00:00,1052,3.02783,2.40813,16.41985,32.70000,,,,
2024-05-08T08:33:51+00:00,1053,8.89965,1.16299,6.63998,32.70000,,,,
2024-05-08T08:34:17+00:00,1054,13.92152,1.06661,12.13923,32.70000,,,,
2024-05-08T08:34:49+00:00,1055,14.63358,1.06028,3.98551,32.70000,,,,
2024-05-08T08:35:07+00:00,1056,9.98081,1.12959,1.66745,32.70000,,,,
2024-05-08T08:51:49+00:00,1057,14.89591,1.03736,8.04747,21.00000,,,,
2024-05-08T08:52:16+00:00,1058,11.11289,1.06713,4.45477,21.00000,,,,
2024-05-08T08:52:32+00:00,1059,8.45983,1.11584,7.29161,21.00000,,,,
2024-05-08T08:52:48+00:00,1060,0.87893,11.73166,5.63635,21.00000,,,,
2024-05-08T08:53:04+00:00,1061,1.12289,7.57519,7.74886,21.00000,,,,
2024-05-08T08:53:20+00:00,1062,0.76509,15.16298,12.86994,21.00000,,,,
2024-05-08T08:53:35+00:00,1063,0.83651,12.84785,14.76750,21.00000,,,,
2024-05-08T08:53:50+00:00,1064,0.68094,18.87954,15.82162,21.00000,,,,
2024-05-08T08:54:06+00:00,1065,0.87964,11.71441,15.01988,21.00000,,,,
2024-05-08T08:54:21+00:00,1066,0.69509,18.15940,16.04659,21.00000,,,,
2024-05-08T08:54:37+00:00,1067,0.82237,13.25885,13.42024,21.00000,,,,
2024-05-08T08:54:52+00:00,1068,0.85065,12.45718,14.88315,21.00000,,,,
2024-05-08T08:55:08+00:00,1069,0.72196,16.90587,15.59172,21.00000,,,,
2024-05-08T08:55:24+00:00,1070,0.87823,11.74895,13.89418,21.00000,,,,
2024-05-08T08:55:39+00:00,1071,0.70781,17.54782,14.59890,21.00000,,,,
2024-05-08T08:55:54+00:00,1072,0.92065,10.78109,12.96392,21.00000,,,,
2024-05-08T08:56:10+00:00,1073,0.86338,12.12187,14.91147,21.00000,,,,
2024-05-08T08:56:26+00:00,1074,0.76509,15.16298,12.61593,21.00000,,,,
2024-05-08T09:21:44+00:00,1075,51.62870,1.00311,8.04062,21.00000,,,,
2024-05-08T09:22:00+00:00,1076,1.31663,5.78244,6.55950,21.00000,,,,
2024-05-08T09:22:15+00:00,1077,1.31310,5.80823,5.01234,21.00000,,,,
2024-05-08T09:22:31+00:00,1078,0.72408,16.81281,10.98315,21.00000,,,,
2024-05-08T09:22:47+00:00,1079,1.00268,9.24625,9.49478,21.00000,,,,
2024-05-08T09:23:03+00:00,1080,1.01470,9.05203,8.79754,21.00000,,,,
2024-05-08T09:25:05+00:00,1081,35.14674,1.00725,8.04145,22.70000,,,,
2024-05-08T09:25:20+00:00,1082,0.94894,10.95201,11.57134,22.70000,,,,
2024-05-08T09:25:36+00:00,1083,1.06207,8.94467,7.00790,22.70000,,,,
2024-05-08T09:25:52+00:00,1084,0.86267,13.04193,9.76218,22.70000,,,,
2024-05-08T09:26:07+00:00,1085,1.35694,5.86705,7.79753,22.70000,,,,
2024-05-08T09:30:27+00:00,1086,86.17369,1.00121,8.04024,22.70000,,,,
2024-05-08T09:36:29+00:00,1087,197.43271,1.00022,8.04004,22.00000,,,,
2024-05-08T09:54:14+00:00,1088,20.14286,0.02433,7.84487,22.00000,,,,
2024-05-08T09:54:30+00:00,1089,1.05163,8.92435,10.98071,22.00000,,,,
2024-05-08T09:54:45+00:00,1090,0.85785,13.41149,11.10575,22.00000,,,,
2024-05-08T09:55:00+00:00,1091,1.14074,7.58455,10.55110,22.00000,,,,
2024-05-08T09:55:17+00:00,1092,1.36563,5.29217,5.30217,22.00000,,,,
2024-05-08T09:55:33+00:00,1093,3.21782,0.95318,4.40693,22.00000,,,,
2024-05-08T09:57:16+00:00,1094,17.02334,0.03406,7.84681,22.00000,,,,
2024-05-08T09:57:32+00:00,1095,0.87482,12.89612,12.13723,22.00000,,,,
2024-05-08T09:57:47+00:00,1096,0.90170,12.13887,10.75932,22.00000,,,,
2024-05-08T09:58:03+00:00,1097,1.38472,5.14723,7.90400,22.00000,,,,
2024-05-08T10:42:22+00:00,1098,86.90099,0.00115,7.84023,20.00000,,,,
2024-05-08T11:05:11+00:00,1099,50.00212,0.00379,7.84076,21.00000,,,,
2024-05-08T11:08:38+00:00,1100,42.05658,0.00424,7.84085,17.50000,,,,
2024-05-08T11:10:01+00:00,1101,58.51556,0.00231,5.88131,18.00000,,,,
2024-05-08T11:10:43+00:00,1102,21.14569,0.01678,5.10909,17.50000,,,,
2024-05-08T11:11:01+00:00,1103,4.29915,0.40583,5.02497,17.50000,,,,
2024-05-08T11:11:17+00:00,1104,1.17680,5.41634,4.13193,17.50000,,,,
2024-05-08T11:11:46+00:00,1105,20.27510,0.02305,3.06745,21.00000,,,,
2024-05-08T11:12:01+00:00,1106,1.30835,5.53511,6.92895,21.00000,,,,
2024-05-08T11:12:22+00:00,1107,4.12164,0.55774,3.91399,21.00000,,,,
2024-05-08T11:14:21+00:00,1108,79.13084,0.00101,7.84020,15.50000,,,,
2024-05-08T11:15:37+00:00,1109,47.89675,0.00275,2.48826,15.50000,,,,
2024-05-08T11:15:53+00:00,1110,1.39038,3.26747,3.34446,15.50000,,,,
2024-05-08T11:16:15+00:00,1111,8.08911,0.09653,3.23998,15.50000,,,,
2024-05-08T11:17:59+00:00,1112,68.97949,0.00191,2.55856,20.70000,,,,
2024-05-08T11:22:22+00:00,1113,23.04455,0.01412,7.84283,17.50000,,,,
2024-05-08T11:23:42+00:00,1114,53.71994,0.00301,3.39560,20.00000,,,,
2024-05-08T11:23:59+00:00,1115,1.16337,6.41726,5.45283,20.00000,,,,
2024-05-08T11:24:15+00:00,1116,1.25530,5.51169,5.04912,20.00000,,,,
2024-05-08T11:25:09+00:00,1117,29.23550,0.01201,4.01038,22.70000,,,,
2024-05-08T11:25:25+00:00,1118,1.36068,5.54398,5.90966,22.70000,,,,
2024-05-08T11:25:40+00:00,1119,1.04526,9.39470,7.15221,22.70000,,,,
2024-05-08T11:25:56+00:00,1120,1.34158,5.70292,7.64911,22.70000,,,,
2024-05-08T11:26:29+00:00,1121,21.43352,0.01633,4.90892,17.50000,,,,
2024-05-08T11:27:06+00:00,1122,22.29915,0.02144,1.97676,23.50000,,,,
2024-05-08T11:27:23+00:00,1123,1.39816,5.45267,5.65128,23.50000,,,,
2024-05-08T11:27:39+00:00,1124,1.34653,5.87880,5.28976,23.50000,,,,
2024-05-08T11:28:52+00:00,1125,48.88897,0.00429,5.04793,22.70000,,,,
2024-05-08T11:33:50+00:00,1126,94.16478,0.00120,7.84024,9.00000,,,,
2024-05-08T11:34:05+00:00,1127,1.36917,5.68606,7.53194,9.00000,,,,
2024-05-08T11:34:21+00:00,1128,1.48020,4.86501,6.23642,9.00000,,,,
2024-05-08T11:36:53+00:00,1129,100.62022,0.00062,5.12335,9.00000,,,,
2024-05-08T11:37:10+00:00,1130,12.43777,0.03062,3.52914,9.00000,,,,
2024-05-08T11:37:27+00:00,1131,1.57779,1.90301,2.21659,9.00000,,,,
2024-05-08T11:37:51+00:00,1132,17.32744,0.03419,1.86092,9.00000,,,,
2024-05-08T11:38:07+00:00,1133,1.34795,5.64919,5.28237,9.00000,,,,
2024-05-08T11:38:23+00:00,1134,1.35290,5.60792,5.31582,9.00000,,,,
2024-05-08T11:39:00+00:00,1135,23.95332,0.02271,5.26114,9.00000,,,,
2024-05-08T11:39:16+00:00,1136,1.13366,10.13691,8.43457,9.00000,,,,
2024-05-08T11:39:32+00:00,1137,0.86846,17.27332,11.22788,9.00000,,,,
2024-05-08T11:39:47+00:00,1138,0.97383,13.73740,12.47071,9.00000,,,,
2024-05-08T11:40:27+00:00,1139,27.91018,0.01926,10.24327,9.00000,,,,
2024-05-08T11:40:44+00:00,1140,1.56506,6.12462,7.34631,9.00000,,,,
2024-05-08T11:41:00+00:00,1141,1.56153,6.15239,8.55989,9.00000,,,,
2024-05-08T11:41:46+00:00,1142,26.25106,0.02062,6.17215,9.00000,,,,
2024-05-08T11:42:02+00:00,1143,1.50212,6.29872,10.38140,9.00000,,,,
2024-05-08T11:42:17+00:00,1144,1.14922,10.76104,9.66809,9.00000,,,,
2024-05-08T11:43:11+00:00,1145,35.76733,0.01111,8.86276,9.00000,,,,
2024-05-08T11:43:28+00:00,1146,1.73621,4.71474,9.33557,9.00000,,,,
2024-05-08T11:43:44+00:00,1147,1.54102,5.98476,9.40182,9.00000,,,,
2024-05-08T11:44:00+00:00,1148,1.19661,9.92568,7.14270,9.00000,,,,
2024-05-08T11:44:17+00:00,1149,1.36917,7.58142,9.58590,9.00000,,,,
2024-05-08T11:44:32+00:00,1150,1.54385,5.96285,7.61094,9.00000,,,,
2024-05-08T11:44:49+00:00,1151,1.54102,5.98476,5.98916,9.00000,,,,
2024-05-08T11:45:04+00:00,1152,1.53465,6.03450,6.08903,9.00000,,,,
2024-05-08T11:49:42+00:00,1153,196.20862,0.00037,4.90306,9.00000,,,,
2024-05-08T11:50:36+00:00,1154,2.75813,1.86824,2.52583,9.00000,,,,
2024-05-08T11:50:51+00:00,1155,1.54809,5.93020,5.98936,9.00000,,,,
2024-05-08T11:51:07+00:00,1156,1.54597,5.94649,5.97610,9.00000,,,,
2024-05-08T11:51:31+00:00,1157,8.45120,0.19899,3.71790,9.00000,,,,
2024-05-08T11:53:03+00:00,1158,61.08062,0.00381,3.77325,9.00000,,,,
2024-05-08T11:53:19+00:00,1159,1.14851,10.77430,8.62090,9.00000,,,,
2024-05-08T11:53:35+00:00,1160,1.11315,11.46969,10.82785,9.00000,,,,
2024-05-08T11:56:01+00:00,1161,28.75389,0.01719,7.84344,9.00000,,,,
2024-05-08T11:56:17+00:00,1162,1.38543,7.40444,11.04261,9.00000,,,,
2024-05-08T11:56:34+00:00,1163,1.18246,10.16456,8.85876,9.00000,,,,
2024-05-08T11:57:08+00:00,1164,21.06365,0.02936,6.69686,9.00000,,,,
2024-05-08T11:57:24+00:00,1165,1.36139,7.02928,10.86404,9.00000,,,,
2024-05-08T11:57:41+00:00,1166,1.50778,5.73058,8.79918,9.00000,,,,
2024-05-08T11:59:10+00:00,1167,41.31400,0.00763,8.82076,9.00000,,,,
2024-05-08T12:00:12+00:00,1168,35.20014,0.01051,7.40070,9.00000,,,,
2024-05-08T12:00:28+00:00,1169,1.24540,8.39951,7.91045,9.00000,,,,
2024-05-08T12:00:44+00:00,1170,1.28218,7.92459,8.53357,9.00000,,,,
2024-05-08T12:01:00+00:00,1171,1.37553,6.88547,9.77533,9.00000,,,,
2024-05-08T12:03:36+00:00,1172,22.70156,0.02528,8.82253,9.00000,,,,
2024-05-08T12:03:52+00:00,1173,1.46888,6.03809,7.30678,9.00000,,,,
2024-05-08T12:04:07+00:00,1174,1.10750,10.62158,7.66553,9.00000,,,,
2024-05-08T12:05:30+00:00,1175,51.20792,0.00497,6.76334,9.00000,,,,
2024-05-08T12:05:46+00:00,1176,1.11315,10.51388,9.31913,9.00000,,,,
2024-05-08T12:06:02+00:00,1177,1.34795,7.17012,9.21143,9.00000,,,,
2024-05-08T12:07:33+00:00,1178,57.53183,0.00394,7.71815,9.00000,,,,
2024-05-08T12:07:48+00:00,1179,1.11103,10.55407,8.35369,9.00000,,,,
2024-05-08T12:08:04+00:00,1180,1.48020,5.94613,7.48138,9.00000,,,,
2024-05-08T12:08:45+00:00,1181,23.34088,0.01015,6.32557,9.00000,,,,
